                     instance, dim, nVertices, nFaces, orientable, genus, index, q,      QQLvTime,  QQLvMemory, QQLvTrials,   QQLvTimeA, QQLvMemoryA,     QQLvTimeB,  QQLvMemory, QQLvmaxLenBefore, QQLvmaxDegBefore, QQLvmaxLenAfter, QQLvmaxDegAfter,       F2LvTime,  F2LvMemory, F2LvTrials,   F2LvTimeA, F2LvMemoryA,      F2LvTimeB,  F2LvMemory, F2LvmaxLenBefore, F2LvmaxDegBefore, F2LvmaxLenAfter, F2LvmaxDegAfter,       F4LvTime,  F4LvMemory, F4LvTrials,   F4LvTimeA, F4LvMemoryA,      F4LvTimeB,  F4LvMemory, F4LvmaxLenBefore, F4LvmaxDegBefore, F4LvmaxLenAfter, F4LvmaxDegAfter,      F3LvTime,  F3LvMemory, F3LvTrials,   F3LvTimeA, F3LvMemoryA,     F3LvTimeB,  F3LvMemory, F3LvmaxLenBefore, F3LvmaxDegBefore, F3LvmaxLenAfter, F3LvmaxDegAfter,      F9LvTime,  F9LvMemory, F9LvTrials,   F9LvTimeA, F9LvMemoryA,     F9LvTimeB,  F9LvMemory, F9LvmaxLenBefore, F9LvmaxDegBefore, F9LvmaxLenAfter, F9LvmaxDegAfter,      F5LvTime,  F5LvMemory, F5LvTrials,   F5LvTimeA, F5LvMemoryA,     F5LvTimeB,  F5LvMemory, F5LvmaxLenBefore, F5LvmaxDegBefore, F5LvmaxLenAfter, F5LvmaxDegAfter,     F25LvTime, F25LvMemory, F25LvTrials,  F25LvTimeA, F25LvMemoryA,    F25LvTimeB, F25LvMemory, F25LvmaxLenBefore, F25LvmaxDegBefore, F25LvmaxLenAfter, F25LvmaxDegAfter,   F7919LvTime, F7919LvMemory, F7919LvTrials, F7919LvTimeA, F7919LvMemoryA,  F7919LvTimeB, F7919LvMemory, F7919LvmaxLenBefore, F7919LvmaxDegBefore, F7919LvmaxLenAfter, F7919LvmaxDegAfter, F62710561LvTime, F62710561LvMemory, F62710561LvTrials, F62710561LvTimeA, F62710561LvMemoryA, F62710561LvTimeB, F62710561LvMemory, F62710561LvmaxLenBefore, F62710561LvmaxDegBefore, F62710561LvmaxLenAfter, F62710561LvmaxDegAfter
 manifold_lex_d2_n7_o0_g1_#01,   2,         7,      7,          0,     1,     1, 0,   0.073198564,    13418648,          1, 0.000649549,      193248,   0.054065639,     8383912,              n/a,              n/a,             n/a,             n/a,    1.282489089,    88842248,          1, 0.001892532,     1824880,     0.05959742,     8381664,              n/a,              n/a,             n/a,             n/a,               ,            ,           ,            ,            ,               ,            ,                 ,                 ,                ,                ,   1.224297948,    88842248,          1, 0.001771233,     1824880,   0.058039917,     8381664,              n/a,              n/a,             n/a,             n/a,              ,            ,           ,            ,            ,              ,            ,                 ,                 ,                ,                ,   1.330917329,    89171400,          1, 0.001700111,     1824880,   0.055071159,     8381664,              n/a,              n/a,             n/a,             n/a,              ,            ,            ,            ,             ,              ,            ,                  ,                  ,                 ,                 ,   1.236492945,      88842248,             1,  0.001974536,        1824880,    0.05906489,       8381664,                 n/a,                 n/a,                n/a,                n/a,                ,                  ,                  ,                 ,                   ,                 ,                  ,                        ,                        ,                       ,                       
 manifold_lex_d2_n7_o0_g1_#01,   2,         7,     18,          0,     1,     1, 1,   0.088726903,    24742120,          1, 0.001675425,      457760,   0.068054791,    19442872,                2,                2,              20,               5,     1.34186897,   106943616,          2, 0.007931945,     9913712,    0.076115626,    18065048,                2,                2,              20,               5,               ,            ,           ,            ,            ,               ,            ,                 ,                 ,                ,                ,   1.326300472,   106614464,          2, 0.008026553,     9913712,   0.087490192,    18065048,                2,                2,              20,               5,              ,            ,           ,            ,            ,              ,            ,                 ,                 ,                ,                ,   1.248020896,   106614432,          1, 0.008304574,     9913680,   0.075075142,    18065048,                2,                2,              20,               5,              ,            ,            ,            ,             ,              ,            ,                  ,                  ,                 ,                 ,   1.293046687,     106614432,             1,  0.008911183,        9913680,   0.083253361,      18065048,                   2,                   2,                 20,                  5,                ,                  ,                  ,                 ,                   ,                 ,                  ,                        ,                        ,                       ,                       
 manifold_lex_d2_n7_o0_g1_#01,   2,         7,     12,          0,     1,     1, 2,   0.107183232,    48645496,          1, 0.002748759,      797784,   0.085360646,    43006224,                6,                3,             220,              12,    1.439950102,   223866928,          3,  0.01097687,    13208144,    0.233320715,   132023080,                6,                3,             220,              12,    2.047837108,   402987368,          1,  0.67341217,   195039720,    0.152741277,   129217584,                6,                3,             220,              12,   1.451307157,   223576408,         15,  0.01102409,    13208176,   0.243907123,   131732528,                6,                3,             220,              12,   2.045538534,   406227784,          3, 0.422731358,   195448008,   0.406777766,   132049712,                6,                3,             220,              12,   1.421856046,   150229586,         14, 0.011654532,    13208112,   0.111479476,    58056618,                6,                3,             220,              12,   2.009136974,   335785938,           3, 0.413849138,    195861472,   0.283527498,    60865250,                 6,                 3,              220,               12,   1.265979869,     135301916,             1,  0.010838862,       13208080,   0.089402209,      43458132,                   6,                   3,                220,                 12,     2.212679283,         495056196,                 1,      0.752981645,          370464456,        0.2337598,          45861676,                       6,                       3,                    220,                     12
 manifold_lex_d2_n7_o0_g1_#02,   2,         7,      7,          0,     1,     2, 0,   0.083538523,    13418648,          1, 0.000744568,      193248,   0.061184884,     8383912,              n/a,              n/a,             n/a,             n/a,    1.309990201,    90050592,          1, 0.001943397,     1824880,    0.147272661,     9590008,              n/a,              n/a,             n/a,             n/a,               ,            ,           ,            ,            ,               ,            ,                 ,                 ,                ,                ,   1.164315528,    88842248,          1, 0.001344433,     1824880,   0.054191129,     8381664,              n/a,              n/a,             n/a,             n/a,              ,            ,           ,            ,            ,              ,            ,                 ,                 ,                ,                ,   1.228504485,    88842248,          1, 0.001787996,     1824880,   0.057033871,     8381664,              n/a,              n/a,             n/a,             n/a,              ,            ,            ,            ,             ,              ,            ,                  ,                  ,                 ,                 ,   1.178940132,      88842248,             1,   0.00194501,        1824880,   0.057124569,       8381664,                 n/a,                 n/a,                n/a,                n/a,                ,                  ,                  ,                 ,                   ,                 ,                  ,                        ,                        ,                       ,                       
 manifold_lex_d2_n7_o0_g1_#02,   2,         7,     18,          0,     1,     2, 1,   0.083881544,    14017344,          1, 0.001622916,      464192,   0.063938107,     8711664,              n/a,              n/a,             n/a,             n/a,    1.252253261,    97258864,          6, 0.009166423,     9913744,    0.059540338,     8709416,              n/a,              n/a,             n/a,             n/a,               ,            ,           ,            ,            ,               ,            ,                 ,                 ,                ,                ,   1.390923599,    97587952,          1, 0.008670502,     9913680,   0.057818917,     8709416,              n/a,              n/a,             n/a,             n/a,              ,            ,           ,            ,            ,              ,            ,                 ,                 ,                ,                ,   1.218465233,    97258800,          1, 0.007523019,     9913680,   0.058780822,     8709416,              n/a,              n/a,             n/a,             n/a,              ,            ,            ,            ,             ,              ,            ,                  ,                  ,                 ,                 ,   1.329379387,      97587952,             1,   0.00805745,        9913680,   0.059142409,       8709416,                 n/a,                 n/a,                n/a,                n/a,                ,                  ,                  ,                 ,                   ,                 ,                  ,                        ,                        ,                       ,                       
 manifold_lex_d2_n7_o0_g1_#02,   2,         7,     12,          0,     1,     2, 2,   0.077972516,    14226200,          1,  0.00305822,      817416,   0.056650743,     8567296,              n/a,              n/a,             n/a,             n/a,     6.45858595,  2616542672,         14, 0.011457511,    13208208,    5.149653977,  2524369608,                6,                3,            1982,              15,    6.876800529,  2798571368,          6, 0.497263228,   195521088,    5.158956545,  2524320216,                6,                3,            1982,              15,    1.14960488,   100408928,         15, 0.009414958,    13208176,     0.0537621,     8565048,              n/a,              n/a,             n/a,             n/a,   1.794985372,   283870688,          3,  0.52659127,   196560472,   0.054512181,     8580152,              n/a,              n/a,             n/a,             n/a,   1.184128257,   100408864,         10, 0.009975701,    13208112,   0.055471469,     8565048,              n/a,              n/a,             n/a,             n/a,   1.896542556,   284318984,           3, 0.649073985,    197008768,   0.058433178,     8580152,               n/a,               n/a,              n/a,              n/a,   1.211885987,     100408832,             1,  0.010740974,       13208080,   0.054895061,       8565048,                 n/a,                 n/a,                n/a,                n/a,     2.128755508,         460154192,                 1,       0.84333606,          372843976,      0.055239754,           8580152,                     n/a,                     n/a,                    n/a,                    n/a
 manifold_lex_d2_n7_o0_g1_#03,   2,         7,      7,          0,     1,     3, 0,   0.074484829,    13418648,          1, 0.000645712,      193248,   0.055169122,     8383912,              n/a,              n/a,             n/a,             n/a,    1.209639602,    88842248,          1, 0.001770383,     1824880,    0.056225945,     8381664,              n/a,              n/a,             n/a,             n/a,               ,            ,           ,            ,            ,               ,            ,                 ,                 ,                ,                ,   1.270955921,    88842248,          1, 0.001922977,     1824880,   0.062453006,     8381664,              n/a,              n/a,             n/a,             n/a,              ,            ,           ,            ,            ,              ,            ,                 ,                 ,                ,                ,   1.194347381,    88842248,          1, 0.001802482,     1824880,   0.056415888,     8381664,              n/a,              n/a,             n/a,             n/a,              ,            ,            ,            ,             ,              ,            ,                  ,                  ,                 ,                 ,   1.222625291,      88842248,             1,  0.001758049,        1824880,   0.058665178,       8381664,                 n/a,                 n/a,                n/a,                n/a,                ,                  ,                  ,                 ,                   ,                 ,                  ,                        ,                        ,                       ,                       
 manifold_lex_d2_n7_o0_g1_#03,   2,         7,     18,          0,     1,     3, 1,   0.081786439,    14012200,          1,   0.0017852,      459048,   0.060606543,     8711664,              n/a,              n/a,             n/a,             n/a,    1.202301241,    97258864,          6, 0.007318765,     9913744,    0.055639944,     8709416,              n/a,              n/a,             n/a,             n/a,               ,            ,           ,            ,            ,               ,            ,                 ,                 ,                ,                ,   1.285565395,    97258800,          1, 0.008561146,     9913680,   0.059386329,     8709416,              n/a,              n/a,             n/a,             n/a,              ,            ,           ,            ,            ,              ,            ,                 ,                 ,                ,                ,   1.220184307,    97258800,          1, 0.008277342,     9913680,   0.058062554,     8709416,              n/a,              n/a,             n/a,             n/a,              ,            ,            ,            ,             ,              ,            ,                  ,                  ,                 ,                 ,   1.258345967,      97258800,             1,  0.008614234,        9913680,   0.060200917,       8709416,                 n/a,                 n/a,                n/a,                n/a,                ,                  ,                  ,                 ,                   ,                 ,                  ,                        ,                        ,                       ,                       
 manifold_lex_d2_n7_o0_g1_#03,   2,         7,     12,          0,     1,     3, 2,   0.081097399,    14211856,          1, 0.002902155,      803072,   0.058688739,     8567296,              n/a,              n/a,             n/a,             n/a,    1.816505004,   587565326,          8, 0.010006938,    13208176,    0.541605438,   495392294,                6,                3,             414,              11,    2.403597476,   769320134,          1, 0.597777235,   195247168,    0.559625513,   495342902,                6,                3,             414,              11,   1.222038543,   100408960,         31, 0.010871931,    13208208,   0.061195353,     8565048,              n/a,              n/a,             n/a,             n/a,   1.935723732,   284387560,          3, 0.413927769,   195695864,   0.277063289,     9961632,              n/a,              n/a,             n/a,             n/a,   1.289437798,   100408864,         10,   0.0101997,    13208112,   0.063875442,     8565048,              n/a,              n/a,             n/a,             n/a,   1.899414435,   284800056,           3, 0.416131456,    196108360,   0.276042622,     9961632,               n/a,               n/a,              n/a,              n/a,   1.231448631,     100408832,             1,  0.010768779,       13208080,   0.057895441,       8565048,                 n/a,                 n/a,                n/a,                n/a,     2.042706799,         458772264,                 1,      0.789959645,          371462048,      0.053527933,           8580152,                     n/a,                     n/a,                    n/a,                    n/a
 manifold_lex_d2_n7_o1_g0_#01,   2,         7,      7,          1,     0,     1, 0,   0.079313394,    13418648,          1, 0.000717136,      193248,   0.058283408,     8383912,              n/a,              n/a,             n/a,             n/a,    1.245047281,    88842248,          1,  0.00179051,     1824880,    0.056448484,     8381664,              n/a,              n/a,             n/a,             n/a,               ,            ,           ,            ,            ,               ,            ,                 ,                 ,                ,                ,   1.250924031,    88842248,          1, 0.001825275,     1824880,   0.059310206,     8381664,              n/a,              n/a,             n/a,             n/a,              ,            ,           ,            ,            ,              ,            ,                 ,                 ,                ,                ,   1.249235937,    88842248,          1, 0.001982759,     1824880,   0.059177684,     8381664,              n/a,              n/a,             n/a,             n/a,              ,            ,            ,            ,             ,              ,            ,                  ,                  ,                 ,                 ,   1.229416522,      88842248,             1,  0.002041882,        1824880,   0.062045707,       8381664,                 n/a,                 n/a,                n/a,                n/a,                ,                  ,                  ,                 ,                   ,                 ,                  ,                        ,                        ,                       ,                       
 manifold_lex_d2_n7_o1_g0_#01,   2,         7,     15,          1,     0,     1, 1,    0.08139639,    13889976,          1, 0.001542094,      412840,   0.060493533,     8635648,              n/a,              n/a,             n/a,             n/a,    1.337777254,    96110368,          2, 0.006777379,     8512112,    0.057071141,     8633400,              n/a,              n/a,             n/a,             n/a,               ,            ,           ,            ,            ,               ,            ,                 ,                 ,                ,                ,   1.293707649,    95781216,          2, 0.006917016,     8512112,   0.059520388,     8633400,              n/a,              n/a,             n/a,             n/a,              ,            ,           ,            ,            ,              ,            ,                 ,                 ,                ,                ,    1.23574165,    95781216,          2, 0.008905018,     8512112,    0.05872275,     8633400,              n/a,              n/a,             n/a,             n/a,              ,            ,            ,            ,             ,              ,            ,                  ,                  ,                 ,                 ,   1.262050603,      95781184,             1,  0.007643827,        8512080,   0.062939537,       8633400,                 n/a,                 n/a,                n/a,                n/a,                ,                  ,                  ,                 ,                   ,                 ,                  ,                        ,                        ,                       ,                       
 manifold_lex_d2_n7_o1_g0_#01,   2,         7,     10,          1,     0,     1, 2,   0.177452479,   150624388,          1, 0.002153181,      675856,   0.156736148,   145107044,                6,                3,             636,              11,    1.877811494,   490955512,          3, 0.011029069,    11311344,    0.693153074,   401008464,                6,                3,             608,              11,    2.369397731,   643055392,          1, 0.464358115,   163695408,    0.674386364,   400629920,                6,                3,             608,              11,   1.974464331,   530524060,          6, 0.009435338,    11311344,   0.808241915,   440577012,                6,                3,             632,              11,    2.45688729,   683545860,          1, 0.348913394,   164050544,   0.824692197,   440436100,                6,                3,             632,              11,   1.638474543,   344946796,          2, 0.008594721,    11311312,   0.490993222,   254999780,                6,                3,             636,              11,   2.354754066,   501349060,           1, 0.538212959,    165048248,   0.555299601,   257570748,                 6,                 3,              636,               11,   1.350421382,     234925004,             1,  0.011148484,       11311280,   0.171026944,     144978020,                   6,                   3,                636,                 11,     2.178218526,         533889708,                 1,      0.778161699,          310333976,      0.166577175,         144825668,                       6,                       3,                    636,                     11
 manifold_lex_d2_n7_o1_g0_#02,   2,         7,      7,          1,     0,     2, 0,   0.076456875,    13418648,          1, 0.000669757,      193248,   0.056348084,     8383912,              n/a,              n/a,             n/a,             n/a,    1.323840124,    89171400,          1, 0.001812302,     1824880,    0.059749187,     8381664,              n/a,              n/a,             n/a,             n/a,               ,            ,           ,            ,            ,               ,            ,                 ,                 ,                ,                ,   1.307878537,    89171400,          1, 0.001590274,     1824880,   0.054184904,     8381664,              n/a,              n/a,             n/a,             n/a,              ,            ,           ,            ,            ,              ,            ,                 ,                 ,                ,                ,   1.256244405,    88842248,          1, 0.001631561,     1824880,   0.056355655,     8381664,              n/a,              n/a,             n/a,             n/a,              ,            ,            ,            ,             ,              ,            ,                  ,                  ,                 ,                 ,   1.191926252,      88842248,             1,  0.001722622,        1824880,   0.055672454,       8381664,                 n/a,                 n/a,                n/a,                n/a,                ,                  ,                  ,                 ,                   ,                 ,                  ,                        ,                        ,                       ,                       
 manifold_lex_d2_n7_o1_g0_#02,   2,         7,     15,          1,     0,     2, 1,   0.080825523,    13888488,          1, 0.001550929,      411352,   0.060058082,     8635648,              n/a,              n/a,             n/a,             n/a,    1.265691947,    95781216,          2, 0.007038619,     8512112,    0.057374447,     8633400,              n/a,              n/a,             n/a,             n/a,               ,            ,           ,            ,            ,               ,            ,                 ,                 ,                ,                ,   1.291532588,    95781216,          2, 0.006876533,     8512112,   0.058684183,     8633400,              n/a,              n/a,             n/a,             n/a,              ,            ,           ,            ,            ,              ,            ,                 ,                 ,                ,                ,   1.321228959,    98724344,          2, 0.006931226,     8512112,   0.160612185,    11576528,              n/a,              n/a,             n/a,             n/a,              ,            ,            ,            ,             ,              ,            ,                  ,                  ,                 ,                 ,   1.276211676,      95781184,             1,  0.007166258,        8512080,   0.059148853,       8633400,                 n/a,                 n/a,                n/a,                n/a,                ,                  ,                  ,                 ,                   ,                 ,                  ,                        ,                        ,                       ,                       
 manifold_lex_d2_n7_o1_g0_#02,   2,         7,     10,          1,     0,     2, 2,   0.106570467,    69817748,          1, 0.002354069,      681456,   0.085218347,    64294804,                6,                3,             292,              10,    1.369759386,   211806272,          3, 0.009267041,    11311344,    0.129848261,   121530072,                6,                3,             268,              10,    1.864001681,   366536296,          1,  0.33095967,   163144872,    0.326250444,   124661360,                6,                3,             268,              10,    1.45554156,   204566804,          7, 0.009530216,    11311344,   0.261695456,   114619756,                6,                3,             292,              10,   1.825697126,   355039956,          1, 0.450019324,   164624544,   0.130477798,   111685348,                6,                3,             292,              10,   1.265685975,   160897412,          2, 0.009011862,    11311312,   0.103922128,    70950396,                6,                3,             292,              10,   1.908034213,   317302692,           1, 0.373432377,    164484480,    0.29190028,    74088148,                 6,                 3,              292,               10,   1.249452254,     154251988,             1,  0.008771371,       11311280,   0.092187917,      64305004,                   6,                   3,                292,                 10,     1.995508846,         453951852,                 1,      0.695133595,          311069136,      0.090244161,          64152652,                       6,                       3,                    292,                     10
 manifold_lex_d2_n7_o1_g0_#03,   2,         7,      7,          1,     0,     3, 0,   0.076239186,    13418648,          1, 0.000741481,      193248,   0.055746007,     8383912,              n/a,              n/a,             n/a,             n/a,    1.324053706,    89171400,          1, 0.001670986,     1824880,     0.05533754,     8381664,              n/a,              n/a,             n/a,             n/a,               ,            ,           ,            ,            ,               ,            ,                 ,                 ,                ,                ,   1.207958753,    88842248,          1,  0.00164639,     1824880,   0.056757254,     8381664,              n/a,              n/a,             n/a,             n/a,              ,            ,           ,            ,            ,              ,            ,                 ,                 ,                ,                ,   1.187541955,    88842248,          1, 0.001630831,     1824880,   0.055372027,     8381664,              n/a,              n/a,             n/a,             n/a,              ,            ,            ,            ,             ,              ,            ,                  ,                  ,                 ,                 ,   1.278443259,      88842248,             1,  0.001897091,        1824880,   0.057806735,       8381664,                 n/a,                 n/a,                n/a,                n/a,                ,                  ,                  ,                 ,                   ,                 ,                  ,                        ,                        ,                       ,                       
 manifold_lex_d2_n7_o1_g0_#03,   2,         7,     15,          1,     0,     3, 1,   0.080056651,    13892648,          1,  0.00151841,      415512,   0.059891387,     8635648,              n/a,              n/a,             n/a,             n/a,    1.292221587,    96110432,          7, 0.006560311,     8512176,    0.054967877,     8633400,              n/a,              n/a,             n/a,             n/a,               ,            ,           ,            ,            ,               ,            ,                 ,                 ,                ,                ,   1.271331742,    95781248,          4, 0.008028687,     8512144,   0.061560181,     8633400,              n/a,              n/a,             n/a,             n/a,              ,            ,           ,            ,            ,              ,            ,                 ,                 ,                ,                ,   1.218477471,    95781184,          1, 0.006918354,     8512080,   0.055913474,     8633400,              n/a,              n/a,             n/a,             n/a,              ,            ,            ,            ,             ,              ,            ,                  ,                  ,                 ,                 ,   1.243248518,      95781184,             1,  0.007659053,        8512080,   0.063001026,       8633400,                 n/a,                 n/a,                n/a,                n/a,                ,                  ,                  ,                 ,                   ,                 ,                  ,                        ,                        ,                       ,                       
 manifold_lex_d2_n7_o1_g0_#03,   2,         7,     10,          1,     0,     3, 2,   0.269746697,   211810300,          1, 0.002551839,      690336,   0.248071758,   206278476,                6,                3,            1268,              14,    2.380783466,   685121116,         83, 0.009046515,    11311408,    0.812608288,   594844852,                6,                3,            1028,              14,    2.566213345,   837300412,          1, 0.447079239,   163774888,    0.859210156,   594795460,                6,                3,            1028,              14,   2.220649573,   692354724,          7, 0.009392472,    11311376,   1.026732462,   602407644,                6,                3,            1268,              14,    2.75300826,   845834788,          1, 0.440377092,   164746472,   1.100914507,   602358252,                6,                3,            1268,              14,   2.103589453,   484461086,          1, 0.009241061,    11311280,    0.94311076,   394514102,                6,                3,            1268,              14,   2.643472069,   638042814,           1, 0.342549703,    164610408,   1.058193852,   394702342,                 6,                 3,             1268,               14,   1.512992758,     297453396,             1,   0.00949788,       11311280,   0.330923842,     207506412,                   6,                   3,               1268,                 14,     2.150012831,         595245588,                 1,      0.679484007,          311781824,      0.246128772,         204733700,                       6,                       3,                   1268,                     14
 manifold_lex_d2_n7_o1_g0_#04,   2,         7,      7,          1,     0,     4, 0,   0.088043356,    13418648,          1, 0.000742863,      193248,   0.065909326,     8383912,              n/a,              n/a,             n/a,             n/a,    1.236180655,    88842248,          1, 0.002174971,     1824880,       0.058061,     8381664,              n/a,              n/a,             n/a,             n/a,               ,            ,           ,            ,            ,               ,            ,                 ,                 ,                ,                ,   1.255008192,    88842248,          1, 0.001853849,     1824880,   0.058885186,     8381664,              n/a,              n/a,             n/a,             n/a,              ,            ,           ,            ,            ,              ,            ,                 ,                 ,                ,                ,   1.262833315,    88842248,          1, 0.001839912,     1824880,   0.058237188,     8381664,              n/a,              n/a,             n/a,             n/a,              ,            ,            ,            ,             ,              ,            ,                  ,                  ,                 ,                 ,   1.288484324,      88842248,             1,  0.002052891,        1824880,   0.062414457,       8381664,                 n/a,                 n/a,                n/a,                n/a,                ,                  ,                  ,                 ,                   ,                 ,                  ,                        ,                        ,                       ,                       
 manifold_lex_d2_n7_o1_g0_#04,   2,         7,     15,          1,     0,     4, 1,   0.079808332,    13888792,          1, 0.001557772,      411656,   0.059182323,     8635648,              n/a,              n/a,             n/a,             n/a,    1.235393371,    95781216,          3, 0.007513086,     8512112,    0.055754351,     8633400,              n/a,              n/a,             n/a,             n/a,               ,            ,           ,            ,            ,               ,            ,                 ,                 ,                ,                ,   1.311638449,    95781216,          2, 0.007820236,     8512112,   0.065309159,     8633400,              n/a,              n/a,             n/a,             n/a,              ,            ,           ,            ,            ,              ,            ,                 ,                 ,                ,                ,   1.199507156,    95781216,          2, 0.006233106,     8512112,   0.057234425,     8633400,              n/a,              n/a,             n/a,             n/a,              ,            ,            ,            ,             ,              ,            ,                  ,                  ,                 ,                 ,    1.21519238,      95781184,             1,  0.006848711,        8512080,   0.057182117,       8633400,                 n/a,                 n/a,                n/a,                n/a,                ,                  ,                  ,                 ,                   ,                 ,                  ,                        ,                        ,                       ,                       
 manifold_lex_d2_n7_o1_g0_#04,   2,         7,     10,          1,     0,     4, 2,   0.218127863,   141204760,          1, 0.002417657,      672296,   0.196020637,   135690976,                6,                3,            1007,              13,    1.834200551,   474038316,         17, 0.008843446,    11311376,    0.653008745,   384091236,                6,                3,             824,              13,    2.413826208,   626243324,          2, 0.454160125,   163671624,    0.697310328,   383841636,                6,                3,             824,              13,   2.487927387,   543803456,          3, 0.010882693,    11311344,   1.267484883,   453856408,                6,                3,            1007,              13,   2.632896354,   696832560,          3, 0.453168043,   164624632,   0.935981384,   453477864,                6,                3,            1007,              13,   1.841202333,   337419026,          2, 0.008725234,    11311312,   0.683120724,   247472010,                6,                3,            1007,              13,   2.418049321,   491002754,           1, 0.440176984,    165050280,   0.748692266,   247222410,                 6,                 3,             1007,               13,    1.38192721,     222159368,             1,  0.010270341,       11311280,   0.210011126,     132212384,                   6,                   3,               1007,                 13,     2.229055236,         524123824,                 1,      0.644636384,          310777864,      0.346055425,         134615896,                       6,                       3,                   1007,                     13
 manifold_lex_d2_n7_o1_g0_#05,   2,         7,      7,          1,     0,     5, 0,   0.077043358,    13418648,          1, 0.000694373,      193248,   0.057119588,     8383912,              n/a,              n/a,             n/a,             n/a,    1.222698339,    88842248,          1, 0.001904805,     1824880,    0.056822528,     8381664,              n/a,              n/a,             n/a,             n/a,               ,            ,           ,            ,            ,               ,            ,                 ,                 ,                ,                ,   1.212247897,    88842248,          1, 0.001671066,     1824880,   0.055813476,     8381664,              n/a,              n/a,             n/a,             n/a,              ,            ,           ,            ,            ,              ,            ,                 ,                 ,                ,                ,   1.275293646,    88842248,          1, 0.001863698,     1824880,   0.057602983,     8381664,              n/a,              n/a,             n/a,             n/a,              ,            ,            ,            ,             ,              ,            ,                  ,                  ,                 ,                 ,    1.28784974,      89171400,             1,  0.001691845,        1824880,   0.054714001,       8381664,                 n/a,                 n/a,                n/a,                n/a,                ,                  ,                  ,                 ,                   ,                 ,                  ,                        ,                        ,                       ,                       
 manifold_lex_d2_n7_o1_g0_#05,   2,         7,     15,          1,     0,     5, 1,   0.081096263,    13891840,          1, 0.001647933,      414704,   0.059959045,     8635648,              n/a,              n/a,             n/a,             n/a,    1.341786523,    96110368,          2, 0.006887066,     8512112,    0.058062405,     8633400,              n/a,              n/a,             n/a,             n/a,               ,            ,           ,            ,            ,               ,            ,                 ,                 ,                ,                ,   1.229494965,    95781216,          2,  0.00673001,     8512112,    0.05701012,     8633400,              n/a,              n/a,             n/a,             n/a,              ,            ,           ,            ,            ,              ,            ,                 ,                 ,                ,                ,   1.213329348,    95781184,          1, 0.007645839,     8512080,   0.056462421,     8633400,              n/a,              n/a,             n/a,             n/a,              ,            ,            ,            ,             ,              ,            ,                  ,                  ,                 ,                 ,   1.259968996,      95781184,             1,  0.007620932,        8512080,   0.058453428,       8633400,                 n/a,                 n/a,                n/a,                n/a,                ,                  ,                  ,                 ,                   ,                 ,                  ,                        ,                        ,                       ,                       
 manifold_lex_d2_n7_o1_g0_#05,   2,         7,     10,          1,     0,     5, 2,   0.318758407,   224404228,          1,  0.00271254,      693128,   0.295500209,   218869612,                6,                3,            1314,              12,    1.913027359,   497384348,          3, 0.009201299,    11311312,    0.726252764,   407437332,                6,                3,            1182,              12,    2.530787959,   649914196,          1, 0.348412799,   163229408,    0.944671733,   407954724,                6,                3,            1182,              12,   2.461024044,   694879572,          2, 0.008681663,    11311312,   1.271926399,   604932556,                6,                3,            1314,              12,   3.050914829,   848416924,          4, 0.458095109,   164803696,   1.352054318,   604883164,                6,                3,            1314,              12,   2.292393509,   474328552,          1, 0.009161583,    11311280,   1.137680282,   384381568,                6,                3,            1314,              12,   2.955266667,   628077008,           1,   0.5777179,    165214976,   1.127336023,   384131968,                 6,                 3,             1314,               12,   1.472468763,     302323868,             1,  0.009141937,       11311280,   0.306382892,     212376884,                   6,                   3,               1314,                 12,     2.739013365,         605320484,                 1,      0.525030084,          311243240,      0.559177119,         215018028,                       6,                       3,                   1314,                     12
 manifold_lex_d2_n7_o1_g1_#01,   2,         7,      7,          1,     1,     1, 0,   0.083169704,    13418648,          1, 0.000713189,      193248,   0.062548694,     8383912,              n/a,              n/a,             n/a,             n/a,    1.272202719,    88842248,          1, 0.001786924,     1824880,    0.058876383,     8381664,              n/a,              n/a,             n/a,             n/a,               ,            ,           ,            ,            ,               ,            ,                 ,                 ,                ,                ,   1.264223825,    88842248,          1, 0.001916377,     1824880,   0.059446153,     8381664,              n/a,              n/a,             n/a,             n/a,              ,            ,           ,            ,            ,              ,            ,                 ,                 ,                ,                ,   1.204432564,    88842248,          1, 0.001823603,     1824880,   0.055739527,     8381664,              n/a,              n/a,             n/a,             n/a,              ,            ,            ,            ,             ,              ,            ,                  ,                  ,                 ,                 ,   1.189363604,      88842248,             1,  0.001431296,        1824880,   0.054870747,       8381664,                 n/a,                 n/a,                n/a,                n/a,                ,                  ,                  ,                 ,                   ,                 ,                  ,                        ,                        ,                       ,                       
 manifold_lex_d2_n7_o1_g1_#01,   2,         7,     21,          1,     1,     1, 1,    0.08182991,    14207104,          1, 0.001227924,      584784,   0.061562415,     8780832,              n/a,              n/a,             n/a,             n/a,    1.336454097,    99065120,          1, 0.008329172,    11321680,    0.059042785,     8778584,              n/a,              n/a,             n/a,             n/a,               ,            ,           ,            ,            ,               ,            ,                 ,                 ,                ,                ,   1.285605543,    98735968,          1, 0.008686111,    11321680,   0.067657603,     8778584,              n/a,              n/a,             n/a,             n/a,              ,            ,           ,            ,            ,              ,            ,                 ,                 ,                ,                ,   1.244719392,    98735968,          1,  0.00895664,    11321680,   0.063158539,     8778584,              n/a,              n/a,             n/a,             n/a,              ,            ,            ,            ,             ,              ,            ,                  ,                  ,                 ,                 ,   1.230173013,      98735968,             1,  0.008915261,       11321680,   0.060826884,       8778584,                 n/a,                 n/a,                n/a,                n/a,                ,                  ,                  ,                 ,                   ,                 ,                  ,                        ,                        ,                       ,                       
 manifold_lex_d2_n7_o1_g1_#01,   2,         7,     14,          1,     1,     1, 2,   2.730026951,  1301200680,          1,  0.00434248,      929552,   2.706718326,  1295429640,                6,                3,             530,              15,  578.746847408,  8888061810,          2, 0.012136636,    15020912,   577.56746152,  8794405194,                6,                3,             524,              15,  554.020163591,  9099446442,          1, 0.679230569,   226689728,  552.114575674,  8794026650,                6,                3,             524,              15,  43.441336966,  6499415112,          3, 0.009816085,    15020944,  42.367554479,  6405758464,                6,                3,             530,              15,  43.318146212,  6712063096,          1, 0.660191172,   227824168,  41.530105663,  6405508864,                6,                3,             530,              15,  27.381748693,  4215925174,          1, 0.009710076,    15020880,  26.306781882,  4122268590,                6,                3,             530,              15,   28.41782051,  4428901246,           1, 0.601505013,    228281136,  26.675757834,  4121890046,                 6,                 3,              530,               15,   6.908342187,    1636394804,             1,  0.010190186,       15020880,   5.838199848,    1542738220,                   6,                   3,                530,                 15,     7.814890065,        2053148252,                 1,      0.866668496,          431896816,      5.809585742,        1542521372,                       6,                       3,                    530,                     15
 manifold_lex_d2_n8_o0_g1_#01,   2,         8,      8,          0,     1,     1, 0,   0.071858814,    13524048,          1, 0.000556104,      199416,   0.053289117,     8483144,              n/a,              n/a,             n/a,             n/a,    1.187950028,    89287784,          1, 0.002260581,     2174480,    0.057131015,     8477600,              n/a,              n/a,             n/a,             n/a,               ,            ,           ,            ,            ,               ,            ,                 ,                 ,                ,                ,   1.203421012,    89287784,          1, 0.002347434,     2174480,   0.058730034,     8477600,              n/a,              n/a,             n/a,             n/a,              ,            ,           ,            ,            ,              ,            ,                 ,                 ,                ,                ,   1.200674919,    89287784,          1, 0.002544153,     2174480,   0.058736746,     8477600,              n/a,              n/a,             n/a,             n/a,              ,            ,            ,            ,             ,              ,            ,                  ,                  ,                 ,                 ,   1.183158199,      89287784,             1,  0.002379464,        2174480,   0.057415298,       8477600,                 n/a,                 n/a,                n/a,                n/a,                ,                  ,                  ,                 ,                   ,                 ,                  ,                        ,                        ,                       ,                       
 manifold_lex_d2_n8_o0_g1_#01,   2,         8,     21,          0,     1,     1, 1,   0.112040964,    53532712,          1, 0.002310165,      791680,   0.090635769,    47899544,                2,                2,             326,               9,    1.392890412,   220545048,         11, 0.011014799,    14476176,    0.148516336,   127104016,                2,                2,             316,               9,               ,            ,           ,            ,            ,               ,            ,                 ,                 ,                ,                ,    1.45835994,   204557620,          4, 0.011444043,    14476144,   0.146734823,   111116620,                2,                2,             326,               9,              ,            ,           ,            ,            ,              ,            ,                 ,                 ,                ,                ,   1.259431088,   160084908,          1, 0.012590646,    14476080,   0.113913247,    66973124,                2,                2,             326,               9,              ,            ,            ,            ,             ,              ,            ,                  ,                  ,                 ,                 ,   1.226482143,     143705396,             1,  0.010649232,       14476080,   0.096408421,      50593612,                   2,                   2,                326,                  9,                ,                  ,                  ,                 ,                   ,                 ,                  ,                        ,                        ,                       ,                       
 manifold_lex_d2_n8_o0_g1_#01,   2,         8,     14,          0,     1,     1, 2,   0.345778699,   486245400,          1, 0.005904299,     1426368,     0.3195216,   479977544,                6,                3,            2604,              15,    2.103627482,  1276055704,         64, 0.016420574,    23145072,    0.907497276,  1174274928,                6,                3,            2444,              15,    3.085390996,  1612540752,          5, 1.065906105,   359585152,    0.880763293,  1174225536,                6,                3,            2444,              15,   2.463849127,  1435740200,         49, 0.019309755,    23145008,   1.274500974,  1333959488,                6,                3,            2600,              15,   3.456560668,  1773424144,          1, 0.949050507,   361113136,   1.314919975,  1333580944,                6,                3,            2600,              15,   1.683200649,   660533184,          1, 0.016275396,    23144880,   0.458758431,   558752600,                6,                3,            2604,              15,   2.785485543,   999315232,           1, 1.024779466,    361881960,   0.489657753,   558703208,                 6,                 3,             2604,               15,   1.597533507,     613165012,             1,  0.016912813,       23144880,   0.401034328,     511384428,                   6,                   3,               2604,                 15,     3.111349755,        1273526820,                 1,       1.50050659,          683829384,      0.405877789,         510967372,                       6,                       3,                   2604,                     15
 manifold_lex_d2_n8_o0_g1_#02,   2,         8,      8,          0,     1,     2, 0,    0.07426056,    13524048,          1, 0.000580168,      199416,   0.055800881,     8483144,              n/a,              n/a,             n/a,             n/a,    1.283728806,    89616936,          1, 0.002110219,     2174480,    0.057627667,     8477600,              n/a,              n/a,             n/a,             n/a,               ,            ,           ,            ,            ,               ,            ,                 ,                 ,                ,                ,   1.217802922,    89287784,          1, 0.002772821,     2174480,   0.057708739,     8477600,              n/a,              n/a,             n/a,             n/a,              ,            ,           ,            ,            ,              ,            ,                 ,                 ,                ,                ,    1.22587957,    89287784,          1, 0.002293512,     2174480,   0.056039759,     8477600,              n/a,              n/a,             n/a,             n/a,              ,            ,            ,            ,             ,              ,            ,                  ,                  ,                 ,                 ,   1.310381524,      89616936,             1,  0.002269719,        2174480,   0.059860939,       8477600,                 n/a,                 n/a,                n/a,                n/a,                ,                  ,                  ,                 ,                   ,                 ,                  ,                        ,                        ,                       ,                       
 manifold_lex_d2_n8_o0_g1_#02,   2,         8,     21,          0,     1,     2, 1,   0.082595206,    14444216,          1, 0.002437101,      800848,   0.061356653,     8801880,              n/a,              n/a,             n/a,             n/a,    1.375926284,   103116560,         12, 0.012491925,    14476176,    0.171034937,    10004680,              n/a,              n/a,             n/a,             n/a,               ,            ,           ,            ,            ,               ,            ,                 ,                 ,                ,                ,   1.349877522,   102237336,          4, 0.011907219,    14476144,   0.059599482,     8796336,              n/a,              n/a,             n/a,             n/a,              ,            ,           ,            ,            ,              ,            ,                 ,                 ,                ,                ,   1.208641155,   101908120,          1, 0.010489159,    14476080,   0.057921535,     8796336,              n/a,              n/a,             n/a,             n/a,              ,            ,            ,            ,             ,              ,            ,                  ,                  ,                 ,                 ,   1.221902795,     101908120,             1,  0.011186065,       14476080,   0.061526898,       8796336,                 n/a,                 n/a,                n/a,                n/a,                ,                  ,                  ,                 ,                   ,                 ,                  ,                        ,                        ,                       ,                       
 manifold_lex_d2_n8_o0_g1_#02,   2,         8,     14,          0,     1,     2, 2,   0.180424617,    15273672,          1, 0.006454584,     1461056,   0.067485002,     8641976,              n/a,              n/a,             n/a,             n/a,   12.691105234,  9373571520,         75, 0.018042318,    23145040,   11.381142144,  9271461624,                6,                3,           13678,              21,   13.772601126,  9710139008,          2,  0.98803419,   359996712,   11.569187223,  9271412232,                6,                3,           13678,              21,   1.146714434,   110417144,         54, 0.015177173,    23145008,   0.053738578,     8636432,              n/a,              n/a,             n/a,             n/a,   2.280024636,   449026920,          1, 1.030409096,   361645320,   0.056577224,     8651536,              n/a,              n/a,             n/a,             n/a,   1.171668167,   110417016,          1, 0.016509012,    23144880,   0.057238062,     8636432,              n/a,              n/a,             n/a,             n/a,   2.301825276,   449827288,           1, 0.949023786,    362116536,     0.0567882,     8651536,               n/a,               n/a,              n/a,              n/a,   1.232228738,     110417016,             1,  0.017497858,       23144880,   0.058425533,       8636432,                 n/a,                 n/a,                n/a,                n/a,     2.695820574,         774245608,                 1,      1.399710604,          686864008,      0.055683707,           8651536,                     n/a,                     n/a,                    n/a,                    n/a
 manifold_lex_d2_n8_o0_g1_#03,   2,         8,      8,          0,     1,     3, 0,   0.075992844,    13524048,          1,  0.00069826,      199416,   0.056179651,     8483144,              n/a,              n/a,             n/a,             n/a,    1.211463193,    89287784,          1, 0.002289185,     2174480,    0.056785407,     8477600,              n/a,              n/a,             n/a,             n/a,               ,            ,           ,            ,            ,               ,            ,                 ,                 ,                ,                ,   1.243605923,    89287784,          1, 0.002552749,     2174480,   0.062282172,     8477600,              n/a,              n/a,             n/a,             n/a,              ,            ,           ,            ,            ,              ,            ,                 ,                 ,                ,                ,   1.192871755,    89287784,          1, 0.002230574,     2174480,   0.056732029,     8477600,              n/a,              n/a,             n/a,             n/a,              ,            ,            ,            ,             ,              ,            ,                  ,                  ,                 ,                 ,   1.222667714,      89287784,             1,  0.002461769,        2174480,   0.058243074,       8477600,                 n/a,                 n/a,                n/a,                n/a,                ,                  ,                  ,                 ,                   ,                 ,                  ,                        ,                        ,                       ,                       
 manifold_lex_d2_n8_o0_g1_#03,   2,         8,     21,          0,     1,     3, 1,   0.086524541,    14479976,          1, 0.002794242,      836608,   0.062520559,     8801880,              n/a,              n/a,             n/a,             n/a,    1.410077548,   102237336,         12, 0.010922242,    14476144,    0.059957261,     8796336,              n/a,              n/a,             n/a,             n/a,               ,            ,           ,            ,            ,               ,            ,                 ,                 ,                ,                ,   1.343586029,   103116528,          4, 0.014577711,    14476144,   0.164214616,    10004680,              n/a,              n/a,             n/a,             n/a,              ,            ,           ,            ,            ,              ,            ,                 ,                 ,                ,                ,   1.219703301,   101908120,          1, 0.010261953,    14476080,   0.059208195,     8796336,              n/a,              n/a,             n/a,             n/a,              ,            ,            ,            ,             ,              ,            ,                  ,                  ,                 ,                 ,   1.228566262,     101908120,             1,  0.011149248,       14476080,   0.058904947,       8796336,                 n/a,                 n/a,                n/a,                n/a,                ,                  ,                  ,                 ,                   ,                 ,                  ,                        ,                        ,                       ,                       
 manifold_lex_d2_n8_o0_g1_#03,   2,         8,     14,          0,     1,     3, 2,   0.085221388,    14916872,          1, 0.006082523,     1433408,   0.059563914,     8641976,              n/a,              n/a,             n/a,             n/a,    2.914030508,  1940062878,         38, 0.116731121,    23538656,    1.646011507,  1837888518,                6,                3,            1840,              15,     4.05533571,  2276374614,          2, 1.070361959,   359740928,    1.737223536,  1837903622,                6,                3,            1840,              15,   1.239595998,   110417112,         54, 0.016264158,    23144976,   0.056632913,     8636432,              n/a,              n/a,             n/a,             n/a,    2.37550414,   448721664,          1, 1.057176496,   361340064,   0.059228212,     8651536,              n/a,              n/a,             n/a,             n/a,   1.256041677,   110417016,          1, 0.017045614,    23144880,   0.066371718,     8636432,              n/a,              n/a,             n/a,             n/a,   2.258680991,   449503112,           1, 0.964643765,    362121512,   0.056811066,     8651536,               n/a,               n/a,              n/a,              n/a,   1.216717308,     110417016,             1,  0.017182804,       23144880,   0.057275784,       8636432,                 n/a,                 n/a,                n/a,                n/a,     2.736585644,         772547208,                 1,      1.478598749,          685165608,      0.055582269,           8651536,                     n/a,                     n/a,                    n/a,                    n/a
 manifold_lex_d2_n8_o0_g1_#04,   2,         8,      8,          0,     1,     4, 0,    0.07592279,    13524048,          1,  0.00070317,      199416,   0.056175219,     8483144,              n/a,              n/a,             n/a,             n/a,    1.332238216,    89616936,          1, 0.002284056,     2174480,    0.057703275,     8477600,              n/a,              n/a,             n/a,             n/a,               ,            ,           ,            ,            ,               ,            ,                 ,                 ,                ,                ,   1.213887511,    89287784,          1, 0.002338025,     2174480,   0.057321125,     8477600,              n/a,              n/a,             n/a,             n/a,              ,            ,           ,            ,            ,              ,            ,                 ,                 ,                ,                ,   1.192336354,    89287784,          1, 0.002223252,     2174480,   0.056253675,     8477600,              n/a,              n/a,             n/a,             n/a,              ,            ,            ,            ,             ,              ,            ,                  ,                  ,                 ,                 ,    1.19582001,      89287784,             1,  0.002455417,        2174480,   0.058368624,       8477600,                 n/a,                 n/a,                n/a,                n/a,                ,                  ,                  ,                 ,                   ,                 ,                  ,                        ,                        ,                       ,                       
 manifold_lex_d2_n8_o0_g1_#04,   2,         8,     21,          0,     1,     4, 1,   0.135834953,   124629760,          1, 0.002929077,      863952,    0.11293318,   118924320,                2,                2,             138,              11,    1.459004241,   369538930,         11, 0.011783676,    14476176,    0.254601132,   276427050,                2,                2,             130,              11,               ,            ,           ,            ,            ,               ,            ,                 ,                 ,                ,                ,   1.504412214,   362540936,         11, 0.013120344,    14476240,   0.280971775,   269428992,                2,                2,             138,              11,              ,            ,           ,            ,            ,              ,            ,                 ,                 ,                ,                ,   1.419026714,   248076530,          4, 0.011059703,    14476144,   0.268698076,   154964682,                2,                2,             138,              11,              ,            ,            ,            ,             ,              ,            ,                  ,                  ,                 ,                 ,   1.359446302,     217059120,             1,  0.011136458,       14476080,   0.126391891,     123947336,                   2,                   2,                138,                 11,                ,                  ,                  ,                 ,                   ,                 ,                  ,                        ,                        ,                       ,                       
 manifold_lex_d2_n8_o0_g1_#04,   2,         8,     14,          0,     1,     4, 2,   2.413257517,  2619565672,          1, 0.006841769,     1458296,   2.387399448,  2613265888,                6,                3,           13445,              20,    1.212127348,   108343576,       >100, 0.017659273,    23145136,    0.045543762,     6562528,              n/a,              n/a,             n/a,             n/a,   11.879868185,  7486831282,          5, 1.042647276,   360167672,    9.610455732,  7047933546,                6,                3,           10506,              20,  14.715578814,  7713070930,       >100, 0.015190417,    23144976,  13.618903296,  7611290042,                6,                3,           12859,              20,  12.938185021,  6787780164,          1,  0.99713731,   361856704,  10.718382901,  6347193396,                6,                3,           12859,              20,   9.262112414,  3786416152,         13, 0.014929528,    23144976,   8.169351598,  3684635472,                6,                3,           13435,              20,  10.751487834,  4125693560,           1, 0.929555444,    362706568,   8.613772641,  3684256928,                 6,                 3,            13435,               20,   3.587753603,    2860029692,             1,    0.0158192,       23144880,   2.478877293,    2758249108,                   6,                   3,              13445,                 20,     5.090866456,        3524059068,                 1,      1.440929517,          687296744,      2.494712416,        2758032260,                       6,                       3,                  13445,                     20
 manifold_lex_d2_n8_o0_g1_#05,   2,         8,      8,          0,     1,     5, 0,   0.072037419,    13524048,          1, 0.000550573,      199416,   0.053516342,     8483144,              n/a,              n/a,             n/a,             n/a,    1.176357833,    89287784,          1,  0.00239356,     2174480,    0.056935696,     8477600,              n/a,              n/a,             n/a,             n/a,               ,            ,           ,            ,            ,               ,            ,                 ,                 ,                ,                ,   1.209426843,    89287784,          1, 0.002318188,     2174480,   0.057545199,     8477600,              n/a,              n/a,             n/a,             n/a,              ,            ,           ,            ,            ,              ,            ,                 ,                 ,                ,                ,   1.198755063,    89287784,          1, 0.002334851,     2174480,   0.056657353,     8477600,              n/a,              n/a,             n/a,             n/a,              ,            ,            ,            ,             ,              ,            ,                  ,                  ,                 ,                 ,   1.203859862,      89287784,             1,   0.00238282,        2174480,   0.057350109,       8477600,                 n/a,                 n/a,                n/a,                n/a,                ,                  ,                  ,                 ,                   ,                 ,                  ,                        ,                        ,                       ,                       
 manifold_lex_d2_n8_o0_g1_#05,   2,         8,     21,          0,     1,     5, 1,   0.089096645,    14563448,          1, 0.003437949,      920080,   0.065192532,     8801880,              n/a,              n/a,             n/a,             n/a,    1.332456609,   102301896,         22, 0.100339527,    14869856,    0.058270436,     8796336,              n/a,              n/a,             n/a,             n/a,               ,            ,           ,            ,            ,               ,            ,                 ,                 ,                ,                ,   1.372795986,   102237336,          4, 0.009849817,    14476144,   0.057177766,     8796336,              n/a,              n/a,             n/a,             n/a,              ,            ,           ,            ,            ,              ,            ,                 ,                 ,                ,                ,    1.16831052,   101908120,          1, 0.009038356,    14476080,   0.057995433,     8796336,              n/a,              n/a,             n/a,             n/a,              ,            ,            ,            ,             ,              ,            ,                  ,                  ,                 ,                 ,   1.207662567,     101908120,             1,  0.010635734,       14476080,   0.059761496,       8796336,                 n/a,                 n/a,                n/a,                n/a,                ,                  ,                  ,                 ,                   ,                 ,                  ,                        ,                        ,                       ,                       
 manifold_lex_d2_n8_o0_g1_#05,   2,         8,     14,          0,     1,     5, 2,   0.086526039,    14934752,          1, 0.006821056,     1451288,    0.05941708,     8641976,              n/a,              n/a,             n/a,             n/a,    8.673108771,  7231441540,         26, 0.016567501,    23145008,     7.51097573,  7129660828,                6,                3,            7952,              18,    9.616689949,  7568278180,          2, 1.031345798,   359936680,    7.398703747,  7129611436,                6,                3,            7952,              18,   1.236209909,   110746328,         15, 0.015846743,    23145040,   0.055516777,     8636432,              n/a,              n/a,             n/a,             n/a,    2.25815184,   448971440,          1, 0.988938203,   361589840,   0.056238858,     8651536,              n/a,              n/a,             n/a,             n/a,    1.21133171,   110417016,          1, 0.016852391,    23144880,   0.057120786,     8636432,              n/a,              n/a,             n/a,             n/a,   2.384396987,   449796152,           1, 1.128368483,    362414552,   0.057162691,     8651536,               n/a,               n/a,              n/a,              n/a,   1.232488437,     110417016,             1,  0.016189748,       23144880,   0.056770328,       8636432,                 n/a,                 n/a,                n/a,                n/a,     2.787108162,         773430792,                 1,      1.500167635,          686049192,      0.055454257,           8651536,                     n/a,                     n/a,                    n/a,                    n/a
 manifold_lex_d2_n8_o0_g1_#06,   2,         8,      8,          0,     1,     6, 0,     0.1563407,    13853200,          1, 0.000735049,      199416,   0.055945494,     8483144,              n/a,              n/a,             n/a,             n/a,    1.238084464,    89287784,          1,  0.00239825,     2174480,    0.058057015,     8477600,              n/a,              n/a,             n/a,             n/a,               ,            ,           ,            ,            ,               ,            ,                 ,                 ,                ,                ,   1.227219548,    89287784,          1, 0.002399111,     2174480,   0.057455798,     8477600,              n/a,              n/a,             n/a,             n/a,              ,            ,           ,            ,            ,              ,            ,                 ,                 ,                ,                ,   1.201497244,    89287784,          1, 0.002178668,     2174480,   0.057789474,     8477600,              n/a,              n/a,             n/a,             n/a,              ,            ,            ,            ,             ,              ,            ,                  ,                  ,                 ,                 ,   1.244739186,      89287784,             1,  0.002488561,        2174480,   0.059561019,       8477600,                 n/a,                 n/a,                n/a,                n/a,                ,                  ,                  ,                 ,                   ,                 ,                  ,                        ,                        ,                       ,                       
 manifold_lex_d2_n8_o0_g1_#06,   2,         8,     21,          0,     1,     6, 1,   0.084785433,    14593744,          1,  0.00370415,      950376,   0.061760451,     8801880,              n/a,              n/a,             n/a,             n/a,    1.385964038,   102301864,         12, 0.102548373,    14869824,    0.059532772,     8796336,              n/a,              n/a,             n/a,             n/a,               ,            ,           ,            ,            ,               ,            ,                 ,                 ,                ,                ,   1.403769787,   102237432,          9, 0.013781428,    14476240,   0.064091856,     8796336,              n/a,              n/a,             n/a,             n/a,              ,            ,           ,            ,            ,              ,            ,                 ,                 ,                ,                ,   1.212235087,   101908120,          1, 0.010153337,    14476080,   0.058890818,     8796336,              n/a,              n/a,             n/a,             n/a,              ,            ,            ,            ,             ,              ,            ,                  ,                  ,                 ,                 ,   1.259617815,     101908120,             1,  0.012823728,       14476080,   0.064075554,       8796336,                 n/a,                 n/a,                n/a,                n/a,                ,                  ,                  ,                 ,                   ,                 ,                  ,                        ,                        ,                       ,                       
 manifold_lex_d2_n8_o0_g1_#06,   2,         8,     14,          0,     1,     6, 2,    0.09358411,    14959216,          1, 0.007070325,     1475752,   0.066406387,     8641976,              n/a,              n/a,             n/a,             n/a,   10.618757266,  6542500622,         75, 0.017754266,    23145040,    9.390349972,  6440719878,                6,                3,            8256,              19,   11.700360399,  6879519430,          2, 0.955512479,   360118880,    9.491970395,  6440670486,                6,                3,            8256,              19,   1.143982405,   110417176,         54, 0.014479539,    23145040,   0.059283499,     8636432,              n/a,              n/a,             n/a,             n/a,   2.210616395,   449187720,         12, 0.936120756,   361806120,   0.056539805,     8651536,              n/a,              n/a,             n/a,             n/a,   1.214068785,   110417016,          1, 0.016300988,    23144880,   0.056849551,     8636432,              n/a,              n/a,             n/a,             n/a,   2.445467628,   450020840,           1, 1.203106631,    362639240,   0.055781622,     8651536,               n/a,               n/a,              n/a,              n/a,   1.206865016,     110417016,             1,  0.016858942,       23144880,   0.056674437,       8636432,                 n/a,                 n/a,                n/a,                n/a,     2.762572681,         775564032,                 1,      1.515163635,          688182432,      0.058197648,           8651536,                     n/a,                     n/a,                    n/a,                    n/a
 manifold_lex_d2_n8_o0_g1_#07,   2,         8,      8,          0,     1,     7, 0,   0.071247991,    13524048,          1, 0.000643026,      199416,   0.052713314,     8483144,              n/a,              n/a,             n/a,             n/a,    1.229572451,    89287784,          1,  0.00283541,     2174480,    0.059831942,     8477600,              n/a,              n/a,             n/a,             n/a,               ,            ,           ,            ,            ,               ,            ,                 ,                 ,                ,                ,   1.225267282,    89287784,          1, 0.002822155,     2174480,    0.05931911,     8477600,              n/a,              n/a,             n/a,             n/a,              ,            ,           ,            ,            ,              ,            ,                 ,                 ,                ,                ,    1.29519121,    89616936,          1, 0.002313711,     2174480,   0.058997907,     8477600,              n/a,              n/a,             n/a,             n/a,              ,            ,            ,            ,             ,              ,            ,                  ,                  ,                 ,                 ,   1.231319999,      89287784,             1,   0.00245156,        2174480,   0.059210287,       8477600,                 n/a,                 n/a,                n/a,                n/a,                ,                  ,                  ,                 ,                   ,                 ,                  ,                        ,                        ,                       ,                       
 manifold_lex_d2_n8_o0_g1_#07,   2,         8,     21,          0,     1,     7, 1,   0.083990748,    14556208,          1, 0.003157763,      912840,   0.062132661,     8801880,              n/a,              n/a,             n/a,             n/a,    1.224028547,   101908248,         12, 0.010798339,    14476208,    0.059135251,     8796336,              n/a,              n/a,             n/a,             n/a,               ,            ,           ,            ,            ,               ,            ,                 ,                 ,                ,                ,   1.227292387,   101908248,          9, 0.011183983,    14476208,   0.060570803,     8796336,              n/a,              n/a,             n/a,             n/a,              ,            ,           ,            ,            ,              ,            ,                 ,                 ,                ,                ,   1.224427803,   101908152,          2, 0.010530607,    14476112,   0.058440896,     8796336,              n/a,              n/a,             n/a,             n/a,              ,            ,            ,            ,             ,              ,            ,                  ,                  ,                 ,                 ,   1.323686054,     102237272,             1,   0.01128277,       14476080,   0.060496353,       8796336,                 n/a,                 n/a,                n/a,                n/a,                ,                  ,                  ,                 ,                   ,                 ,                  ,                        ,                        ,                       ,                       
 manifold_lex_d2_n8_o0_g1_#07,   2,         8,     14,          0,     1,     7, 2,   0.086367125,    14928096,          1, 0.006349385,     1444632,   0.060135328,     8641976,              n/a,              n/a,             n/a,             n/a,    3.280108545,  2217947420,         26, 0.017164391,    23145008,     2.00907569,  2115837556,                6,                3,            2188,              17,    4.326831071,  2554383900,          2, 1.070321688,   359865672,    2.048782217,  2115788164,                6,                3,            2188,              17,   1.217410706,   110417208,         54, 0.017536072,    23145072,   0.061844836,     8636432,              n/a,              n/a,             n/a,             n/a,   2.258850352,   448881552,          1, 0.955976991,   361499952,   0.056213288,     8651536,              n/a,              n/a,             n/a,             n/a,   1.249394829,   110417112,         14,  0.01678926,    23144976,   0.064512117,     8636432,              n/a,              n/a,             n/a,             n/a,   2.233720895,   449696184,           1,   0.9643752,    362314584,   0.056835357,     8651536,               n/a,               n/a,              n/a,              n/a,   1.232397588,     110417016,             1,  0.017965077,       23144880,   0.058945511,       8636432,                 n/a,                 n/a,                n/a,                n/a,     2.689325744,         773832872,                 1,      1.407460897,          686451272,      0.057167751,           8651536,                     n/a,                     n/a,                    n/a,                    n/a
 manifold_lex_d2_n8_o0_g1_#08,   2,         8,      8,          0,     1,     8, 0,   0.162763118,    13853200,          1,  0.00074595,      199416,   0.055655746,     8483144,              n/a,              n/a,             n/a,             n/a,    1.364472662,    89616936,          1, 0.002503087,     2174480,    0.061417681,     8477600,              n/a,              n/a,             n/a,             n/a,               ,            ,           ,            ,            ,               ,            ,                 ,                 ,                ,                ,   1.210536216,    89287784,          1, 0.002274017,     2174480,   0.056692722,     8477600,              n/a,              n/a,             n/a,             n/a,              ,            ,           ,            ,            ,              ,            ,                 ,                 ,                ,                ,   1.188828653,    89287784,          1, 0.002318741,     2174480,   0.057880068,     8477600,              n/a,              n/a,             n/a,             n/a,              ,            ,            ,            ,             ,              ,            ,                  ,                  ,                 ,                 ,   1.254422045,      89287784,             1,  0.002550075,        2174480,   0.059087094,       8477600,                 n/a,                 n/a,                n/a,                n/a,                ,                  ,                  ,                 ,                   ,                 ,                  ,                        ,                        ,                       ,                       
 manifold_lex_d2_n8_o0_g1_#08,   2,         8,     21,          0,     1,     8, 1,   0.523919607,   638785536,          1, 0.002975363,      871592,   0.417906889,   632743304,                2,                2,             768,              11,    2.519657538,  1667292312,         11,   0.0984189,    14869792,     1.26454807,  1573786816,                2,                2,             728,              11,               ,            ,           ,            ,            ,               ,            ,                 ,                 ,                ,                ,    2.72514117,  1606736848,         10, 0.011544341,    14476144,   1.542468255,  1513625000,                2,                2,             764,              11,              ,            ,           ,            ,            ,              ,            ,                 ,                 ,                ,                ,   2.228514251,  1147817246,          1, 0.012851404,    14476080,    1.04693017,  1054705462,                2,                2,             768,              11,              ,            ,            ,            ,             ,              ,            ,                  ,                  ,                 ,                 ,   1.773877622,     766343272,             1,  0.013091427,       14476080,   0.575190399,     673231488,                   2,                   2,                768,                 11,                ,                  ,                  ,                 ,                   ,                 ,                  ,                        ,                        ,                       ,                       
 manifold_lex_d2_n8_o0_g1_#08,   2,         8,     14,          0,     1,     8, 2,   2.783252622,  2907048304,          1, 0.006902693,     1464200,   2.756909877,  2900742616,                6,                3,           15300,              21,   12.465147743, 10063941300,         82, 0.016990303,    23144976,    11.29499987,  9962160620,                6,                3,           11398,              21,   13.498989434, 10400670532,          2,  0.93388309,   360158392,   11.333336855,  9961782076,                6,                3,           11398,              21,  13.437385018,  8988707418,         15, 0.014832247,    23144976,  12.234399434,  8886597586,                6,                3,           14484,              21,  14.964238546,  9327119114,          1, 0.965553933,   361840856,  12.785188787,  8886548194,                6,                3,           14484,              21,  10.593980702,  4383457638,          1,  0.01663105,    23144880,   9.486445949,  4281677054,                6,                3,           15270,              21,  11.854735092,  4722711390,           1, 1.005372766,    362682816,   9.661137873,  4281298510,                 6,                 3,            15270,               21,   4.063833904,    3269675260,             1,   0.01528202,       23144880,   2.973826673,    3167894676,                   6,                   3,              15300,                 21,     5.762366353,        3934160700,                 1,      1.504648008,          687752808,      3.045999072,        3167677828,                       6,                       3,                  15300,                     21
 manifold_lex_d2_n8_o0_g1_#09,   2,         8,      8,          0,     1,     9, 0,   0.071439782,    13524048,          1, 0.000560842,      199416,    0.05299523,     8483144,              n/a,              n/a,             n/a,             n/a,    1.287567605,    89616936,          1, 0.002262244,     2174480,    0.056952825,     8477600,              n/a,              n/a,             n/a,             n/a,               ,            ,           ,            ,            ,               ,            ,                 ,                 ,                ,                ,   1.211791558,    89287784,          1, 0.002296317,     2174480,   0.057265681,     8477600,              n/a,              n/a,             n/a,             n/a,              ,            ,           ,            ,            ,              ,            ,                 ,                 ,                ,                ,   1.194390724,    89287784,          1,  0.00239299,     2174480,   0.057716386,     8477600,              n/a,              n/a,             n/a,             n/a,              ,            ,            ,            ,             ,              ,            ,                  ,                  ,                 ,                 ,   1.197667253,      89287784,             1,  0.002182745,        2174480,   0.056235527,       8477600,                 n/a,                 n/a,                n/a,                n/a,                ,                  ,                  ,                 ,                   ,                 ,                  ,                        ,                        ,                       ,                       
 manifold_lex_d2_n8_o0_g1_#09,   2,         8,     21,          0,     1,     9, 1,   0.083640619,    14509744,          1, 0.003001581,      866376,   0.061554475,     8801880,              n/a,              n/a,             n/a,             n/a,    1.335876753,   102301800,          2,  0.10434514,    14869760,    0.059874003,     8796336,              n/a,              n/a,             n/a,             n/a,               ,            ,           ,            ,            ,               ,            ,                 ,                 ,                ,                ,   1.313240038,   102237336,          4, 0.010760497,    14476144,   0.058012381,     8796336,              n/a,              n/a,             n/a,             n/a,              ,            ,           ,            ,            ,              ,            ,                 ,                 ,                ,                ,   1.165712524,   101908120,          1, 0.009326424,    14476080,   0.056252946,     8796336,              n/a,              n/a,             n/a,             n/a,              ,            ,            ,            ,             ,              ,            ,                  ,                  ,                 ,                 ,   1.220768614,     101908120,             1,  0.011358115,       14476080,   0.058711818,       8796336,                 n/a,                 n/a,                n/a,                n/a,                ,                  ,                  ,                 ,                   ,                 ,                  ,                        ,                        ,                       ,                       
 manifold_lex_d2_n8_o0_g1_#09,   2,         8,     14,          0,     1,     9, 2,   0.086684681,    14954456,          1, 0.006829211,     1470992,   0.059308794,     8641976,              n/a,              n/a,             n/a,             n/a,   39.865633716, 20189221586,         28, 0.017590833,    23144976,   38.636731397, 20087440906,                6,                3,           22238,              20,   40.464811955, 20526093970,          1, 1.034654175,   360237096,   38.228310935, 20087126810,                6,                3,           22238,              20,   1.149745235,   110417144,         54, 0.017731293,    23145008,   0.054469754,     8636432,              n/a,              n/a,             n/a,             n/a,   2.144451613,   449402384,          1, 0.939343267,   362020784,   0.055193736,     8651536,              n/a,              n/a,             n/a,             n/a,   1.186372145,   110417016,          1, 0.016642802,    23144880,   0.055472265,     8636432,              n/a,              n/a,             n/a,             n/a,   2.198680739,   450287024,           1, 0.963342392,    362905424,   0.056871936,     8651536,               n/a,               n/a,              n/a,              n/a,   1.215663807,     110417016,             1,   0.01613038,       23144880,   0.056554745,       8636432,                 n/a,                 n/a,                n/a,                n/a,     2.696720522,         775274672,                 1,      1.432360975,          687893072,      0.055992014,           8651536,                     n/a,                     n/a,                    n/a,                    n/a
 manifold_lex_d2_n8_o0_g1_#10,   2,         8,      8,          0,     1,    10, 0,   0.078404926,    13524048,          1, 0.000707568,      199416,   0.058231916,     8483144,              n/a,              n/a,             n/a,             n/a,    1.196302722,    89287784,          1,  0.00208372,     2174480,      0.0582331,     8477600,              n/a,              n/a,             n/a,             n/a,               ,            ,           ,            ,            ,               ,            ,                 ,                 ,                ,                ,   1.219780522,    89287784,          1, 0.002268015,     2174480,   0.057279891,     8477600,              n/a,              n/a,             n/a,             n/a,              ,            ,           ,            ,            ,              ,            ,                 ,                 ,                ,                ,   1.191115559,    89287784,          1, 0.002403059,     2174480,   0.059509525,     8477600,              n/a,              n/a,             n/a,             n/a,              ,            ,            ,            ,             ,              ,            ,                  ,                  ,                 ,                 ,   1.264726233,      89287784,             1,  0.002458563,        2174480,   0.059007316,       8477600,                 n/a,                 n/a,                n/a,                n/a,                ,                  ,                  ,                 ,                   ,                 ,                  ,                        ,                        ,                       ,                       
 manifold_lex_d2_n8_o0_g1_#10,   2,         8,     21,          0,     1,    10, 1,   0.093950132,    14495616,          1,  0.00299732,      852248,   0.070519188,     8801880,              n/a,              n/a,             n/a,             n/a,    1.287376385,   101908152,          2, 0.012531491,    14476112,    0.069013461,     8796336,              n/a,              n/a,             n/a,             n/a,               ,            ,           ,            ,            ,               ,            ,                 ,                 ,                ,                ,   1.292829133,   101908184,          8, 0.011535372,    14476144,    0.06681046,     8796336,              n/a,              n/a,             n/a,             n/a,              ,            ,           ,            ,            ,              ,            ,                 ,                 ,                ,                ,   1.291130537,   101908120,          1, 0.011655556,    14476080,   0.062119841,     8796336,              n/a,              n/a,             n/a,             n/a,              ,            ,            ,            ,             ,              ,            ,                  ,                  ,                 ,                 ,   1.273491898,     101908120,             1,  0.012494748,       14476080,    0.06803645,       8796336,                 n/a,                 n/a,                n/a,                n/a,                ,                  ,                  ,                 ,                   ,                 ,                  ,                        ,                        ,                       ,                       
 manifold_lex_d2_n8_o0_g1_#10,   2,         8,     14,          0,     1,    10, 2,   0.086789603,    14883624,          1, 0.006208351,     1400160,   0.060754294,     8641976,              n/a,              n/a,             n/a,             n/a,    6.394168427,  5285730378,          2, 0.017550457,    23144912,    5.100212744,  5183620610,                6,                3,            7268,              18,    7.567214296,  5622426802,          1,  0.97505403,   359796368,    5.231122776,  5183571218,                6,                3,            7268,              18,   1.144148873,   110417080,         13, 0.015729903,    23144944,   0.054947388,     8636432,              n/a,              n/a,             n/a,             n/a,   2.213567737,   449280864,          1,  0.95633674,   361899264,    0.05590003,     8651536,              n/a,              n/a,             n/a,             n/a,    1.22888429,   110417016,          1, 0.017686536,    23144880,   0.058660427,     8636432,              n/a,              n/a,             n/a,             n/a,   2.244784302,   450156832,           1, 0.986256913,    362775232,   0.056368089,     8651536,               n/a,               n/a,              n/a,              n/a,   1.238827166,     110417016,             1,  0.017305449,       23144880,   0.058614528,       8636432,                 n/a,                 n/a,                n/a,                n/a,     2.693810854,         773940264,                 1,      1.434063566,          686558664,      0.055011172,           8651536,                     n/a,                     n/a,                    n/a,                    n/a
 manifold_lex_d2_n8_o0_g1_#11,   2,         8,      8,          0,     1,    11, 0,   0.071436182,    13524048,          1,  0.00056499,      199416,   0.053009409,     8483144,              n/a,              n/a,             n/a,             n/a,    1.228745714,    89287784,          1, 0.002337246,     2174480,    0.057995455,     8477600,              n/a,              n/a,             n/a,             n/a,               ,            ,           ,            ,            ,               ,            ,                 ,                 ,                ,                ,   1.223679831,    89287784,          1, 0.002309924,     2174480,   0.058071285,     8477600,              n/a,              n/a,             n/a,             n/a,              ,            ,           ,            ,            ,              ,            ,                 ,                 ,                ,                ,   1.243774884,    89287784,          1,  0.00240737,     2174480,   0.059698502,     8477600,              n/a,              n/a,             n/a,             n/a,              ,            ,            ,            ,             ,              ,            ,                  ,                  ,                 ,                 ,   1.241583443,      89287784,             1,  0.002459966,        2174480,   0.059405644,       8477600,                 n/a,                 n/a,                n/a,                n/a,                ,                  ,                  ,                 ,                   ,                 ,                  ,                        ,                        ,                       ,                       
 manifold_lex_d2_n8_o0_g1_#11,   2,         8,     21,          0,     1,    11, 1,   0.086180739,    14488928,          1, 0.002827646,      845560,   0.063702709,     8801880,              n/a,              n/a,             n/a,             n/a,    1.370137364,   102301800,          2, 0.110904433,    14869760,    0.064602768,     8796336,              n/a,              n/a,             n/a,             n/a,               ,            ,           ,            ,            ,               ,            ,                 ,                 ,                ,                ,   1.338760155,   102237336,          4,   0.0110152,    14476144,   0.060001193,     8796336,              n/a,              n/a,             n/a,             n/a,              ,            ,           ,            ,            ,              ,            ,                 ,                 ,                ,                ,   1.240830497,   101908120,          1, 0.011553591,    14476080,   0.060495551,     8796336,              n/a,              n/a,             n/a,             n/a,              ,            ,            ,            ,             ,              ,            ,                  ,                  ,                 ,                 ,   1.215455692,     101908120,             1,   0.01114768,       14476080,   0.061446686,       8796336,                 n/a,                 n/a,                n/a,                n/a,                ,                  ,                  ,                 ,                   ,                 ,                  ,                        ,                        ,                       ,                       
 manifold_lex_d2_n8_o0_g1_#11,   2,         8,     14,          0,     1,    11, 2,   0.089777248,    14920512,          1, 0.006118882,     1437048,   0.064228238,     8641976,              n/a,              n/a,             n/a,             n/a,    4.058439189,  3353356856,         20, 0.016582065,    23144976,    2.898749239,  3251576176,                6,                3,            3414,              16,    5.610327195,  3689681712,          1, 1.019264808,   359754016,    3.354167748,  3251197632,                6,                3,            3414,              16,   1.157159021,   110417080,         13, 0.015198087,    23144944,   0.054160567,     8636432,              n/a,              n/a,             n/a,             n/a,   2.235027896,   448847784,          1, 0.937538948,   361466184,   0.057898621,     8651536,              n/a,              n/a,             n/a,             n/a,   1.267071721,   110417016,          1, 0.016746031,    23144880,   0.056211274,     8636432,              n/a,              n/a,             n/a,             n/a,   2.335951908,   449678480,           1, 1.000225042,    362296880,   0.057146369,     8651536,               n/a,               n/a,              n/a,              n/a,   1.250006952,     110417016,             1,  0.018092861,       23144880,   0.058975306,       8636432,                 n/a,                 n/a,                n/a,                n/a,     2.793523316,         772651464,                 1,       1.54216119,          685269864,      0.055104378,           8651536,                     n/a,                     n/a,                    n/a,                    n/a
 manifold_lex_d2_n8_o0_g1_#12,   2,         8,      8,          0,     1,    12, 0,   0.073081168,    13524048,          1, 0.000614784,      199416,   0.053965527,     8483144,              n/a,              n/a,             n/a,             n/a,      1.3741779,    89616936,          1, 0.002397378,     2174480,    0.060595458,     8477600,              n/a,              n/a,             n/a,             n/a,               ,            ,           ,            ,            ,               ,            ,                 ,                 ,                ,                ,   1.214022005,    89287784,          1,  0.00230209,     2174480,   0.057755709,     8477600,              n/a,              n/a,             n/a,             n/a,              ,            ,           ,            ,            ,              ,            ,                 ,                 ,                ,                ,   1.226561856,    89287784,          1, 0.002298342,     2174480,   0.057507814,     8477600,              n/a,              n/a,             n/a,             n/a,              ,            ,            ,            ,             ,              ,            ,                  ,                  ,                 ,                 ,   1.249498316,      89287784,             1,  0.002504219,        2174480,   0.060210495,       8477600,                 n/a,                 n/a,                n/a,                n/a,                ,                  ,                  ,                 ,                   ,                 ,                  ,                        ,                        ,                       ,                       
 manifold_lex_d2_n8_o0_g1_#12,   2,         8,     21,          0,     1,    12, 1,   0.081273109,    14607968,          1,  0.00381616,      964600,   0.059201532,     8801880,              n/a,              n/a,             n/a,             n/a,    1.321958235,   102301800,          2, 0.104428737,    14869760,    0.058700973,     8796336,              n/a,              n/a,             n/a,             n/a,               ,            ,           ,            ,            ,               ,            ,                 ,                 ,                ,                ,   1.223201624,   101908184,          4, 0.010771305,    14476144,    0.05762296,     8796336,              n/a,              n/a,             n/a,             n/a,              ,            ,           ,            ,            ,              ,            ,                 ,                 ,                ,                ,   1.213844126,   101908120,          1, 0.010521173,    14476080,   0.059223996,     8796336,              n/a,              n/a,             n/a,             n/a,              ,            ,            ,            ,             ,              ,            ,                  ,                  ,                 ,                 ,   1.235056811,     101908120,             1,  0.010824101,       14476080,   0.060134093,       8796336,                 n/a,                 n/a,                n/a,                n/a,                ,                  ,                  ,                 ,                   ,                 ,                  ,                        ,                        ,                       ,                       
 manifold_lex_d2_n8_o0_g1_#12,   2,         8,     14,          0,     1,    12, 2,   0.084100584,    14933240,          1,  0.00716109,     1449776,   0.058479571,     8641976,              n/a,              n/a,             n/a,             n/a,   26.273718957,  8960898978,          2, 0.016580077,    23144912,   24.987844433,  8858789210,                6,                3,           18990,              20,   27.596402875,  9297769690,          2, 1.025771937,   360299808,   25.328270583,  8858739818,                6,                3,           18990,              20,    1.12790448,   110417112,         54, 0.014733711,    23144976,   0.053186538,     8636432,              n/a,              n/a,             n/a,             n/a,   2.178165048,   449549992,          1, 0.978636545,   362168392,   0.054521711,     8651536,              n/a,              n/a,             n/a,             n/a,   1.228510338,   110417016,          1, 0.016500035,    23144880,    0.05637993,     8636432,              n/a,              n/a,             n/a,             n/a,   2.228047757,   450474288,           1, 1.022412567,    363092688,   0.055991128,     8651536,               n/a,               n/a,              n/a,              n/a,   1.219369485,     110417016,             1,  0.016960288,       23144880,   0.057578856,       8636432,                 n/a,                 n/a,                n/a,                n/a,     2.638086816,         775101440,                 1,      1.390012761,          687719840,      0.057138582,           8651536,                     n/a,                     n/a,                    n/a,                    n/a
 manifold_lex_d2_n8_o0_g1_#13,   2,         8,      8,          0,     1,    13, 0,   0.078950078,    13524048,          1, 0.000723597,      199416,   0.058852687,     8483144,              n/a,              n/a,             n/a,             n/a,    1.351587172,    90496128,          1, 0.002387349,     2174480,    0.162489886,     9685944,              n/a,              n/a,             n/a,             n/a,               ,            ,           ,            ,            ,               ,            ,                 ,                 ,                ,                ,    1.18139127,    89287784,          1, 0.002374334,     2174480,   0.055857847,     8477600,              n/a,              n/a,             n/a,             n/a,              ,            ,           ,            ,            ,              ,            ,                 ,                 ,                ,                ,   1.192042603,    89287784,          1, 0.002251023,     2174480,   0.057334986,     8477600,              n/a,              n/a,             n/a,             n/a,              ,            ,            ,            ,             ,              ,            ,                  ,                  ,                 ,                 ,   1.254494047,      89287784,             1,  0.002625897,        2174480,   0.060589291,       8477600,                 n/a,                 n/a,                n/a,                n/a,                ,                  ,                  ,                 ,                   ,                 ,                  ,                        ,                        ,                       ,                       
 manifold_lex_d2_n8_o0_g1_#13,   2,         8,     21,          0,     1,    13, 1,   0.085273473,    14771824,          1, 0.006062974,     1128456,   0.060458681,     8801880,              n/a,              n/a,             n/a,             n/a,    1.227607547,   101908184,         12, 0.010505398,    14476144,    0.057524928,     8796336,              n/a,              n/a,             n/a,             n/a,               ,            ,           ,            ,            ,               ,            ,                 ,                 ,                ,                ,   1.376902532,   102237304,          2, 0.010704564,    14476112,   0.060849574,     8796336,              n/a,              n/a,             n/a,             n/a,              ,            ,           ,            ,            ,              ,            ,                 ,                 ,                ,                ,   1.224949588,   101908120,          1, 0.010673386,    14476080,   0.059969352,     8796336,              n/a,              n/a,             n/a,             n/a,              ,            ,            ,            ,             ,              ,            ,                  ,                  ,                 ,                 ,   1.234139701,     101908120,             1,  0.010468031,       14476080,   0.058652962,       8796336,                 n/a,                 n/a,                n/a,                n/a,                ,                  ,                  ,                 ,                   ,                 ,                  ,                        ,                        ,                       ,                       
 manifold_lex_d2_n8_o0_g1_#13,   2,         8,     14,          0,     1,    13, 2,   0.084132441,    14973784,          1, 0.008135498,     1490320,   0.057199562,     8641976,              n/a,              n/a,             n/a,             n/a,  236.623435178, 34119132004,          2, 0.017219969,    23144912,  235.290633475, 34017022236,                6,                3,           29282,              19,  235.610443748, 34456165684,          1, 0.965163048,   360462776,  233.430407347, 34016972844,                6,                3,           29282,              19,   1.160457991,   110417080,         13, 0.015099805,    23144944,   0.058623381,     8636432,              n/a,              n/a,             n/a,             n/a,   2.182367042,   449743256,          1,  0.98773022,   362361656,    0.05366877,     8651536,              n/a,              n/a,             n/a,             n/a,   1.219481803,   110417016,          1, 0.015502501,    23144880,   0.055853235,     8636432,              n/a,              n/a,             n/a,             n/a,   2.182674208,   450670544,           1, 0.973294764,    363288944,   0.054648147,     8651536,               n/a,               n/a,              n/a,              n/a,   1.213531062,     110417016,             1,  0.016577879,       23144880,   0.057148979,       8636432,                 n/a,                 n/a,                n/a,                n/a,     2.707149357,         777194080,                 1,      1.473338562,          689812480,      0.057482214,           8651536,                     n/a,                     n/a,                    n/a,                    n/a
 manifold_lex_d2_n8_o0_g1_#14,   2,         8,      8,          0,     1,    14, 0,   0.070125532,    13524048,          1, 0.000553929,      199416,   0.051988627,     8483144,              n/a,              n/a,             n/a,             n/a,    1.220610843,    89287784,          1, 0.002362942,     2174480,     0.06334421,     8477600,              n/a,              n/a,             n/a,             n/a,               ,            ,           ,            ,            ,               ,            ,                 ,                 ,                ,                ,   1.273254211,    89287784,          1, 0.002509387,     2174480,   0.061826425,     8477600,              n/a,              n/a,             n/a,             n/a,              ,            ,           ,            ,            ,              ,            ,                 ,                 ,                ,                ,   1.200271849,    89287784,          1, 0.002270369,     2174480,   0.058010316,     8477600,              n/a,              n/a,             n/a,             n/a,              ,            ,            ,            ,             ,              ,            ,                  ,                  ,                 ,                 ,   1.257205014,      89287784,             1,  0.003045183,        2174480,   0.061672957,       8477600,                 n/a,                 n/a,                n/a,                n/a,                ,                  ,                  ,                 ,                   ,                 ,                  ,                        ,                        ,                       ,                       
 manifold_lex_d2_n8_o0_g1_#14,   2,         8,     21,          0,     1,    14, 1,   0.084431767,    14638072,          1, 0.004226089,      994704,   0.061185355,     8801880,              n/a,              n/a,             n/a,             n/a,    1.334712789,   102237368,         11, 0.010293201,    14476176,     0.05905554,     8796336,              n/a,              n/a,             n/a,             n/a,               ,            ,           ,            ,            ,               ,            ,                 ,                 ,                ,                ,   1.336363266,   102237368,          4,  0.01029804,    14476176,   0.058748334,     8796336,              n/a,              n/a,             n/a,             n/a,              ,            ,           ,            ,            ,              ,            ,                 ,                 ,                ,                ,   1.336041372,   102237272,          1, 0.010857589,    14476080,   0.058120537,     8796336,              n/a,              n/a,             n/a,             n/a,              ,            ,            ,            ,             ,              ,            ,                  ,                  ,                 ,                 ,   1.243491493,     101908120,             1,  0.011516387,       14476080,   0.059906045,       8796336,                 n/a,                 n/a,                n/a,                n/a,                ,                  ,                  ,                 ,                   ,                 ,                  ,                        ,                        ,                       ,                       
 manifold_lex_d2_n8_o0_g1_#14,   2,         8,     14,          0,     1,    14, 2,   0.085625383,    14962568,          1,  0.00812932,     1479104,    0.05816127,     8641976,              n/a,              n/a,             n/a,             n/a,   43.908497106, 12391892460,         25, 0.120481172,    23538624,   42.577920389, 12289718132,                6,                3,           13576,              19,   45.799123671, 12728773828,          2, 1.035698503,   360310528,   43.462751548, 12289733236,                6,                3,           13576,              19,   1.121181367,   110417112,         15, 0.015451355,    23144976,   0.052993624,     8636432,              n/a,              n/a,             n/a,             n/a,   2.100816877,   449559272,         12, 0.900984407,   362177672,   0.054743166,     8651536,              n/a,              n/a,             n/a,             n/a,   1.214878308,   110417016,          1, 0.015447969,    23144880,   0.057685506,     8636432,              n/a,              n/a,             n/a,             n/a,   2.209803531,   450476176,           1, 0.966810218,    363094576,    0.05783661,     8651536,               n/a,               n/a,              n/a,              n/a,   1.188065018,     110417016,             1,  0.016394104,       23144880,   0.055766595,       8636432,                 n/a,                 n/a,                n/a,                n/a,     2.664128837,         776323104,                 1,      1.428477148,          688941504,      0.054807587,           8651536,                     n/a,                     n/a,                    n/a,                    n/a
 manifold_lex_d2_n8_o0_g1_#15,   2,         8,      8,          0,     1,    15, 0,   0.071603946,    13524048,          1, 0.000574648,      199416,   0.053076068,     8483144,              n/a,              n/a,             n/a,             n/a,    1.192322047,    89287784,          1, 0.002254309,     2174480,    0.055954689,     8477600,              n/a,              n/a,             n/a,             n/a,               ,            ,           ,            ,            ,               ,            ,                 ,                 ,                ,                ,   1.208167802,    89287784,          1, 0.002236956,     2174480,   0.056804973,     8477600,              n/a,              n/a,             n/a,             n/a,              ,            ,           ,            ,            ,              ,            ,                 ,                 ,                ,                ,   1.193818454,    89287784,          1,  0.00216408,     2174480,   0.056098919,     8477600,              n/a,              n/a,             n/a,             n/a,              ,            ,            ,            ,             ,              ,            ,                  ,                  ,                 ,                 ,   1.248441737,      89287784,             1,   0.00253713,        2174480,   0.060705074,       8477600,                 n/a,                 n/a,                n/a,                n/a,                ,                  ,                  ,                 ,                   ,                 ,                  ,                        ,                        ,                       ,                       
 manifold_lex_d2_n8_o0_g1_#15,   2,         8,     21,          0,     1,    15, 1,   0.083971191,    14579120,          1,  0.00370494,      935752,   0.061387013,     8801880,              n/a,              n/a,             n/a,             n/a,    1.323055012,   102237304,          2, 0.010217949,    14476112,    0.057679568,     8796336,              n/a,              n/a,             n/a,             n/a,               ,            ,           ,            ,            ,               ,            ,                 ,                 ,                ,                ,    1.30690172,   104851440,          4, 0.011010294,    14476176,   0.166429364,    11739560,              n/a,              n/a,             n/a,             n/a,              ,            ,           ,            ,            ,              ,            ,                 ,                 ,                ,                ,   1.194476069,   101908152,          3, 0.011066551,    14476112,    0.05801247,     8796336,              n/a,              n/a,             n/a,             n/a,              ,            ,            ,            ,             ,              ,            ,                  ,                  ,                 ,                 ,   1.265967098,     101908120,             1,   0.01089093,       14476080,   0.059079501,       8796336,                 n/a,                 n/a,                n/a,                n/a,                ,                  ,                  ,                 ,                   ,                 ,                  ,                        ,                        ,                       ,                       
 manifold_lex_d2_n8_o0_g1_#15,   2,         8,     14,          0,     1,    15, 2,   0.084188886,    14939560,          1, 0.006892971,     1456096,   0.058090587,     8641976,              n/a,              n/a,             n/a,             n/a,    6.392445032,  4204399850,         13, 0.017368622,    23144944,    5.067580285,  4102290050,                6,                3,            7132,              16,      7.2028863,  4540766218,          1,  0.91980423,   359795496,    5.052231652,  4102240658,                6,                3,            7132,              16,   1.179030032,   110417144,         54, 0.018393305,    23145008,   0.057067206,     8636432,              n/a,              n/a,             n/a,             n/a,   2.236496586,   448879400,          1, 0.965353063,   361497800,   0.057088106,     8651536,              n/a,              n/a,             n/a,             n/a,   1.225117935,   110417080,         15, 0.020118989,    23144944,   0.057014341,     8636432,              n/a,              n/a,             n/a,             n/a,   2.439840271,   450532328,           1, 0.953306611,    362336032,   0.233491763,     9466232,               n/a,               n/a,              n/a,              n/a,    1.22224545,     110417016,             1,  0.017029158,       23144880,    0.05591854,       8636432,                 n/a,                 n/a,                n/a,                n/a,     2.775054298,         773205088,                 1,      1.503513722,          685823488,      0.057333745,           8651536,                     n/a,                     n/a,                    n/a,                    n/a
 manifold_lex_d2_n8_o0_g1_#16,   2,         8,      8,          0,     1,    16, 0,   0.075626784,    13524048,          1, 0.000681148,      199416,    0.05591305,     8483144,              n/a,              n/a,             n/a,             n/a,    1.320786848,    89616936,          1, 0.002348055,     2174480,    0.057929723,     8477600,              n/a,              n/a,             n/a,             n/a,               ,            ,           ,            ,            ,               ,            ,                 ,                 ,                ,                ,   1.212879159,    89287784,          1, 0.002393932,     2174480,   0.058885529,     8477600,              n/a,              n/a,             n/a,             n/a,              ,            ,           ,            ,            ,              ,            ,                 ,                 ,                ,                ,   1.203604597,    89287784,          1, 0.002231297,     2174480,   0.057823668,     8477600,              n/a,              n/a,             n/a,             n/a,              ,            ,            ,            ,             ,              ,            ,                  ,                  ,                 ,                 ,   1.220568528,      89287784,             1,  0.002377471,        2174480,   0.057709814,       8477600,                 n/a,                 n/a,                n/a,                n/a,                ,                  ,                  ,                 ,                   ,                 ,                  ,                        ,                        ,                       ,                       
 manifold_lex_d2_n8_o0_g1_#16,   2,         8,     21,          0,     1,    16, 1,   0.085688954,    14590416,          1, 0.003709109,      947048,   0.062353625,     8801880,              n/a,              n/a,             n/a,             n/a,    1.328991166,   102301800,          2, 0.111345868,    14869760,    0.059158319,     8796336,              n/a,              n/a,             n/a,             n/a,               ,            ,           ,            ,            ,               ,            ,                 ,                 ,                ,                ,   1.309057651,   102237304,          2, 0.011055535,    14476112,   0.058159965,     8796336,              n/a,              n/a,             n/a,             n/a,              ,            ,           ,            ,            ,              ,            ,                 ,                 ,                ,                ,   1.229802404,   101908120,          1, 0.011853622,    14476080,   0.059351205,     8796336,              n/a,              n/a,             n/a,             n/a,              ,            ,            ,            ,             ,              ,            ,                  ,                  ,                 ,                 ,    1.23314573,     101908120,             1,  0.010905012,       14476080,   0.059943126,       8796336,                 n/a,                 n/a,                n/a,                n/a,                ,                  ,                  ,                 ,                   ,                 ,                  ,                        ,                        ,                       ,                       
 manifold_lex_d2_n8_o0_g1_#16,   2,         8,     14,          0,     1,    16, 2,   0.089505957,    14941744,          1, 0.007570766,     1458280,   0.061188622,     8641976,              n/a,              n/a,             n/a,             n/a,   67.658884687, 15844838644,         31, 0.017108302,    23145008,    66.46337121, 15743057932,                6,                3,           14366,              17,    67.57087707, 16181554524,          2, 0.971940795,   360080624,    65.38164058, 15742743836,                6,                3,           14366,              17,   1.112937675,   108343384,       >100, 0.014293073,    23144944,   0.041903519,     6562528,              n/a,              n/a,             n/a,             n/a,   2.208538948,   449268872,          1, 1.016842364,   361887272,   0.055399637,     8651536,              n/a,              n/a,             n/a,             n/a,   1.231008451,   110417016,          1, 0.017815271,    23144880,   0.057780514,     8636432,              n/a,              n/a,             n/a,             n/a,   2.189967752,   450142496,           1, 0.946545465,    362760896,   0.057023454,     8651536,               n/a,               n/a,              n/a,              n/a,   1.207643643,     110417016,             1,  0.016084324,       23144880,   0.056184109,       8636432,                 n/a,                 n/a,                n/a,                n/a,      2.70538711,         774649096,                 1,      1.449549537,          687267496,      0.055434592,           8651536,                     n/a,                     n/a,                    n/a,                    n/a
 manifold_lex_d2_n8_o0_g2_#01,   2,         8,      8,          0,     2,     1, 0,   0.072342464,    13524048,          1, 0.000589226,      199416,   0.053607808,     8483144,              n/a,              n/a,             n/a,             n/a,    1.259686854,    89287784,          1, 0.002498287,     2174480,    0.060272992,     8477600,              n/a,              n/a,             n/a,             n/a,               ,            ,           ,            ,            ,               ,            ,                 ,                 ,                ,                ,   1.224302942,    89287784,          1, 0.002392048,     2174480,   0.059793783,     8477600,              n/a,              n/a,             n/a,             n/a,              ,            ,           ,            ,            ,              ,            ,                 ,                 ,                ,                ,   1.199395607,    89287784,          1,  0.00223335,     2174480,    0.05772418,     8477600,              n/a,              n/a,             n/a,             n/a,              ,            ,            ,            ,             ,              ,            ,                  ,                  ,                 ,                 ,   1.245307482,      89287784,             1,  0.002751601,        2174480,   0.066648766,       8477600,                 n/a,                 n/a,                n/a,                n/a,                ,                  ,                  ,                 ,                   ,                 ,                  ,                        ,                        ,                       ,                       
 manifold_lex_d2_n8_o0_g2_#01,   2,         8,     24,          0,     2,     1, 1,   0.085684408,    14852272,          1, 0.002560604,     1125752,   0.064180045,     8885032,              n/a,              n/a,             n/a,             n/a,    1.321833388,   104123688,         11, 0.011097379,    16279344,    0.059095656,     8879488,              n/a,              n/a,             n/a,             n/a,               ,            ,           ,            ,            ,               ,            ,                 ,                 ,                ,                ,   1.256804451,   103794536,          4, 0.013852829,    16279344,   0.061429604,     8879488,              n/a,              n/a,             n/a,             n/a,              ,            ,           ,            ,            ,              ,            ,                 ,                 ,                ,                ,   1.225590146,   103794472,          1, 0.012128267,    16279280,   0.060993993,     8879488,              n/a,              n/a,             n/a,             n/a,              ,            ,            ,            ,             ,              ,            ,                  ,                  ,                 ,                 ,   1.212036335,     103794472,             1,  0.012770241,       16279280,   0.061313302,       8879488,                 n/a,                 n/a,                n/a,                n/a,                ,                  ,                  ,                 ,                   ,                 ,                  ,                        ,                        ,                       ,                       
 manifold_lex_d2_n8_o0_g2_#01,   2,         8,     16,          0,     2,     1, 2,   0.088267026,    15200192,          1, 0.008914878,     1671656,   0.060475251,     8687048,              n/a,              n/a,             n/a,             n/a, 1338.755703788, 64392334818,         25,  0.02051933,    25962576, 1337.572713341, 64287736538,                6,                3,           53046,              22, 1349.951767284, 64776734178,          2, 1.141564471,   410316968, 1347.554064925, 64287687146,                6,                3,           53046,              22,   1.198349955,   113608904,         13, 0.016984792,    25962544,   0.053305156,     8681504,              n/a,              n/a,             n/a,             n/a,   2.215506675,   499716208,         15, 1.034249056,   412289536,   0.053756119,     8696608,              n/a,              n/a,             n/a,             n/a,    1.15971657,   113279688,          1, 0.017710764,    25962480,   0.056266862,     8681504,              n/a,              n/a,             n/a,             n/a,   2.321993429,   500710448,           1, 1.066100956,    413283776,   0.059242062,     8696608,               n/a,               n/a,              n/a,              n/a,   1.156822861,     113279688,             1,  0.019158981,       25962480,   0.056104679,       8681504,                 n/a,                 n/a,                n/a,                n/a,     2.821181179,         870432984,                 1,      1.568790145,          783006312,      0.055324042,           8696608,                     n/a,                     n/a,                    n/a,                    n/a
 manifold_lex_d2_n8_o0_g2_#02,   2,         8,      8,          0,     2,     2, 0,   0.071551496,    13524048,          1, 0.000574488,      199416,   0.053076447,     8483144,              n/a,              n/a,             n/a,             n/a,    1.208154886,    89287784,          1, 0.002371508,     2174480,    0.056456628,     8477600,              n/a,              n/a,             n/a,             n/a,               ,            ,           ,            ,            ,               ,            ,                 ,                 ,                ,                ,   1.301547345,    89616936,          1, 0.002166575,     2174480,   0.057986649,     8477600,              n/a,              n/a,             n/a,             n/a,              ,            ,           ,            ,            ,              ,            ,                 ,                 ,                ,                ,   1.223228838,    89287784,          1, 0.002366049,     2174480,   0.058720117,     8477600,              n/a,              n/a,             n/a,             n/a,              ,            ,            ,            ,             ,              ,            ,                  ,                  ,                 ,                 ,   1.216889595,      89287784,             1,  0.002439767,        2174480,   0.058267128,       8477600,                 n/a,                 n/a,                n/a,                n/a,                ,                  ,                  ,                 ,                   ,                 ,                  ,                        ,                        ,                       ,                       
 manifold_lex_d2_n8_o0_g2_#02,   2,         8,     24,          0,     2,     2, 1,   0.092499213,    14857032,          1, 0.002777862,     1130512,   0.069386295,     8885032,              n/a,              n/a,             n/a,             n/a,    1.388069932,   104123656,          2, 0.011038056,    16279312,    0.059389661,     8879488,              n/a,              n/a,             n/a,             n/a,               ,            ,           ,            ,            ,               ,            ,                 ,                 ,                ,                ,   1.397630705,   104123656,          2, 0.012414685,    16279312,   0.060180073,     8879488,              n/a,              n/a,             n/a,             n/a,              ,            ,           ,            ,            ,              ,            ,                 ,                 ,                ,                ,   1.207502524,   103794472,          1, 0.010410385,    16279280,   0.059458529,     8879488,              n/a,              n/a,             n/a,             n/a,              ,            ,            ,            ,             ,              ,            ,                  ,                  ,                 ,                 ,    1.23121897,     103794472,             1,  0.010789651,       16279280,   0.061484244,       8879488,                 n/a,                 n/a,                n/a,                n/a,                ,                  ,                  ,                 ,                   ,                 ,                  ,                        ,                        ,                       ,                       
 manifold_lex_d2_n8_o0_g2_#02,   2,         8,     16,          0,     2,     2, 2,   0.086499625,    15196992,          1, 0.009048937,     1668456,   0.058823477,     8687048,              n/a,              n/a,             n/a,             n/a,            oot,         oot,        oot,         oot,         oot,            oot,         oot,              oot,              oot,             oot,             oot,            oot,         oot,        oot,         oot,         oot,            oot,         oot,              oot,              oot,             oot,             oot,   1.143083151,   113279752,         54, 0.016281232,    25962544,   0.054562816,     8681504,              n/a,              n/a,             n/a,             n/a,   2.259029148,   500066592,          1, 1.049797149,   412639920,   0.055444818,     8696608,              n/a,              n/a,             n/a,             n/a,   1.192356088,   113279688,          1,  0.01746348,    25962480,   0.056681492,     8681504,              n/a,              n/a,             n/a,             n/a,   2.349439503,   501081680,           1, 1.147430986,    413655008,   0.055705017,     8696608,               n/a,               n/a,              n/a,              n/a,   1.236509365,     113279688,             1,  0.016916435,       25962480,   0.055393395,       8681504,                 n/a,                 n/a,                n/a,                n/a,     2.898914789,         871529944,                 1,       1.62790683,          784103272,      0.055999028,           8696608,                     n/a,                     n/a,                    n/a,                    n/a
 manifold_lex_d2_n8_o0_g2_#03,   2,         8,      8,          0,     2,     3, 0,   0.071022844,    13524048,          1, 0.000590257,      199416,   0.052692878,     8483144,              n/a,              n/a,             n/a,             n/a,    1.227466452,    89287784,          1, 0.002551637,     2174480,    0.062753475,     8477600,              n/a,              n/a,             n/a,             n/a,               ,            ,           ,            ,            ,               ,            ,                 ,                 ,                ,                ,   1.217302151,    89287784,          1, 0.002330052,     2174480,   0.058707513,     8477600,              n/a,              n/a,             n/a,             n/a,              ,            ,           ,            ,            ,              ,            ,                 ,                 ,                ,                ,   1.224515788,    89287784,          1, 0.002518625,     2174480,   0.057851404,     8477600,              n/a,              n/a,             n/a,             n/a,              ,            ,            ,            ,             ,              ,            ,                  ,                  ,                 ,                 ,   1.224969909,      89287784,             1,  0.002340781,        2174480,   0.059310974,       8477600,                 n/a,                 n/a,                n/a,                n/a,                ,                  ,                  ,                 ,                   ,                 ,                  ,                        ,                        ,                       ,                       
 manifold_lex_d2_n8_o0_g2_#03,   2,         8,     24,          0,     2,     3, 1,   0.096529514,    15048464,          1, 0.003481081,     1321944,   0.073132675,     8885032,              n/a,              n/a,             n/a,             n/a,    1.229755188,   103794536,         13, 0.012256385,    16279344,    0.063409052,     8879488,              n/a,              n/a,             n/a,             n/a,               ,            ,           ,            ,            ,               ,            ,                 ,                 ,                ,                ,   1.380796428,   104188152,          2, 0.115274978,    16672960,   0.064412935,     8879488,              n/a,              n/a,             n/a,             n/a,              ,            ,           ,            ,            ,              ,            ,                 ,                 ,                ,                ,    1.24544113,   103794472,          1, 0.011422225,    16279280,   0.061938632,     8879488,              n/a,              n/a,             n/a,             n/a,              ,            ,            ,            ,             ,              ,            ,                  ,                  ,                 ,                 ,   1.225761671,     103794472,             1,  0.011589108,       16279280,   0.060160456,       8879488,                 n/a,                 n/a,                n/a,                n/a,                ,                  ,                  ,                 ,                   ,                 ,                  ,                        ,                        ,                       ,                       
 manifold_lex_d2_n8_o0_g2_#03,   2,         8,     16,          0,     2,     3, 2,   0.086984189,    15250280,          1, 0.010307117,     1721744,   0.057507571,     8687048,              n/a,              n/a,             n/a,             n/a,            oot,         oot,        oot,         oot,         oot,            oot,         oot,              oot,              oot,             oot,             oot,            oot,         oot,        oot,         oot,         oot,            oot,         oot,              oot,              oot,             oot,             oot,   1.131603648,   113279816,         15, 0.016605863,    25962608,   0.053924722,     8681504,              n/a,              n/a,             n/a,             n/a,   2.338965471,   500062112,          1, 1.141704446,   412635440,    0.05615383,     8696608,              n/a,              n/a,             n/a,             n/a,   1.183623867,   113279688,          1, 0.018613379,    25962480,   0.057518515,     8681504,              n/a,              n/a,             n/a,             n/a,   2.279849786,   501070112,           1, 1.040507885,    413643440,   0.055911215,     8696608,               n/a,               n/a,              n/a,              n/a,   1.152342488,     113279688,             1,  0.015976502,       25962480,   0.054990009,       8681504,                 n/a,                 n/a,                n/a,                n/a,     2.877876801,         872078464,                 1,      1.609233934,          784651792,      0.056900991,           8696608,                     n/a,                     n/a,                    n/a,                    n/a
 manifold_lex_d2_n8_o0_g2_#04,   2,         8,      8,          0,     2,     4, 0,   0.072938028,    13524048,          1, 0.000568016,      199416,   0.054413678,     8483144,              n/a,              n/a,             n/a,             n/a,    1.209448749,    89287784,          1, 0.002403249,     2174480,    0.058501868,     8477600,              n/a,              n/a,             n/a,             n/a,               ,            ,           ,            ,            ,               ,            ,                 ,                 ,                ,                ,   1.224884535,    89287784,          1, 0.002359556,     2174480,   0.059583747,     8477600,              n/a,              n/a,             n/a,             n/a,              ,            ,           ,            ,            ,              ,            ,                 ,                 ,                ,                ,    1.20247022,    89287784,          1, 0.002284164,     2174480,   0.057140725,     8477600,              n/a,              n/a,             n/a,             n/a,              ,            ,            ,            ,             ,              ,            ,                  ,                  ,                 ,                 ,   1.256605216,      89287784,             1,  0.002568068,        2174480,   0.060066724,       8477600,                 n/a,                 n/a,                n/a,                n/a,                ,                  ,                  ,                 ,                   ,                 ,                  ,                        ,                        ,                       ,                       
 manifold_lex_d2_n8_o0_g2_#04,   2,         8,     24,          0,     2,     4, 1,   0.092973206,    15077624,          1,  0.00401893,     1351104,   0.067940716,     8885032,              n/a,              n/a,             n/a,             n/a,    1.229800552,   103794632,         11,  0.01153558,    16279440,    0.058427088,     8879488,              n/a,              n/a,             n/a,             n/a,               ,            ,           ,            ,            ,               ,            ,                 ,                 ,                ,                ,   1.285316381,   103794472,          1, 0.013553926,    16279280,   0.061148946,     8879488,              n/a,              n/a,             n/a,             n/a,              ,            ,           ,            ,            ,              ,            ,                 ,                 ,                ,                ,     1.4207639,   104123624,          1, 0.011219758,    16279280,    0.05913097,     8879488,              n/a,              n/a,             n/a,             n/a,              ,            ,            ,            ,             ,              ,            ,                  ,                  ,                 ,                 ,   1.217235652,     103794472,             1,  0.010867969,       16279280,   0.061149907,       8879488,                 n/a,                 n/a,                n/a,                n/a,                ,                  ,                  ,                 ,                   ,                 ,                  ,                        ,                        ,                       ,                       
 manifold_lex_d2_n8_o0_g2_#04,   2,         8,     16,          0,     2,     4, 2,   0.092475719,    15244512,          1, 0.010444031,     1715976,    0.06101197,     8687048,              n/a,              n/a,             n/a,             n/a,    1.198055587,   111161064,       >100, 0.018022693,    25962576,    0.043703998,     6562576,              n/a,              n/a,             n/a,             n/a,            oot,         oot,        oot,         oot,         oot,            oot,         oot,              oot,              oot,             oot,             oot,   1.155786807,   113279688,          1, 0.017338285,    25962480,   0.054801015,     8681504,              n/a,              n/a,             n/a,             n/a,   2.305704098,   500137944,          1, 1.027719565,   412382120,   0.055939126,     8696608,              n/a,              n/a,             n/a,             n/a,   1.219093457,   113279720,         16, 0.019134375,    25962512,   0.057769713,     8681504,              n/a,              n/a,             n/a,             n/a,   2.285386396,   501139600,           1, 1.022218272,    413383776,   0.054384159,     8696608,               n/a,               n/a,              n/a,              n/a,   1.155139663,     113279688,             1,  0.017890699,       25962480,    0.05592225,       8681504,                 n/a,                 n/a,                n/a,                n/a,     2.893135522,         873004544,                 1,      1.610491568,          785577872,      0.056029304,           8696608,                     n/a,                     n/a,                    n/a,                    n/a
 manifold_lex_d2_n8_o0_g2_#05,   2,         8,      8,          0,     2,     5, 0,    0.07248183,    13524048,          1, 0.000574568,      199416,   0.053772776,     8483144,              n/a,              n/a,             n/a,             n/a,    1.190042863,    89287784,          1, 0.002186192,     2174480,    0.055883476,     8477600,              n/a,              n/a,             n/a,             n/a,               ,            ,           ,            ,            ,               ,            ,                 ,                 ,                ,                ,   1.235011484,    89287784,          1, 0.002839416,     2174480,   0.057855485,     8477600,              n/a,              n/a,             n/a,             n/a,              ,            ,           ,            ,            ,              ,            ,                 ,                 ,                ,                ,   1.208305711,    89287784,          1, 0.002479121,     2174480,   0.058624076,     8477600,              n/a,              n/a,             n/a,             n/a,              ,            ,            ,            ,             ,              ,            ,                  ,                  ,                 ,                 ,   1.232541238,      89287784,             1,  0.002514488,        2174480,   0.058863714,       8477600,                 n/a,                 n/a,                n/a,                n/a,                ,                  ,                  ,                 ,                   ,                 ,                  ,                        ,                        ,                       ,                       
 manifold_lex_d2_n8_o0_g2_#05,   2,         8,     24,          0,     2,     5, 1,   0.085938636,    15038816,          1, 0.003267159,     1312296,   0.063942522,     8885032,              n/a,              n/a,             n/a,             n/a,    1.336688407,   104188216,         21, 0.108793012,    16673024,    0.060550209,     8879488,              n/a,              n/a,             n/a,             n/a,               ,            ,           ,            ,            ,               ,            ,                 ,                 ,                ,                ,   1.331912621,   104123656,          2, 0.011275861,    16279312,   0.059625606,     8879488,              n/a,              n/a,             n/a,             n/a,              ,            ,           ,            ,            ,              ,            ,                 ,                 ,                ,                ,   1.214169786,   103794472,          1, 0.011640485,    16279280,   0.059535036,     8879488,              n/a,              n/a,             n/a,             n/a,              ,            ,            ,            ,             ,              ,            ,                  ,                  ,                 ,                 ,   1.243965893,     103794472,             1,   0.01223419,       16279280,   0.062347843,       8879488,                 n/a,                 n/a,                n/a,                n/a,                ,                  ,                  ,                 ,                   ,                 ,                  ,                        ,                        ,                       ,                       
 manifold_lex_d2_n8_o0_g2_#05,   2,         8,     16,          0,     2,     5, 2,   0.100260376,    15198288,          1, 0.009918346,     1669752,   0.069335502,     8687048,              n/a,              n/a,             n/a,             n/a,            oot,         oot,        oot,         oot,         oot,            oot,         oot,              oot,              oot,             oot,             oot,            oot,         oot,        oot,         oot,         oot,            oot,         oot,              oot,              oot,             oot,             oot,   1.155094543,   113279784,         15, 0.017466335,    25962576,   0.055108941,     8681504,              n/a,              n/a,             n/a,             n/a,   2.230148899,   500091752,          1, 1.027616893,   412665080,   0.056379851,     8696608,              n/a,              n/a,             n/a,             n/a,   1.234113627,   113279688,          1, 0.020923672,    25962480,   0.055840694,     8681504,              n/a,              n/a,             n/a,             n/a,   2.286887263,   501131264,           1, 1.084641041,    413704592,   0.055805633,     8696608,               n/a,               n/a,              n/a,              n/a,    1.16129197,     113279688,             1,  0.017258156,       25962480,   0.055601951,       8681504,                 n/a,                 n/a,                n/a,                n/a,     2.851171876,         872121880,                 1,      1.583303315,          784695208,      0.055352972,           8696608,                     n/a,                     n/a,                    n/a,                    n/a
 manifold_lex_d2_n8_o0_g2_#06,   2,         8,      8,          0,     2,     6, 0,   0.074467494,    13524048,          1, 0.000606458,      199416,   0.054797442,     8483144,              n/a,              n/a,             n/a,             n/a,    1.209320579,    89287784,          1, 0.002017745,     2174480,    0.058337597,     8477600,              n/a,              n/a,             n/a,             n/a,               ,            ,           ,            ,            ,               ,            ,                 ,                 ,                ,                ,   1.218540515,    89287784,          1, 0.002306488,     2174480,   0.057719379,     8477600,              n/a,              n/a,             n/a,             n/a,              ,            ,           ,            ,            ,              ,            ,                 ,                 ,                ,                ,   1.190093515,    89287784,          1, 0.002262185,     2174480,   0.056446831,     8477600,              n/a,              n/a,             n/a,             n/a,              ,            ,            ,            ,             ,              ,            ,                  ,                  ,                 ,                 ,   1.254545926,      89287784,             1,  0.002577606,        2174480,   0.062540142,       8477600,                 n/a,                 n/a,                n/a,                n/a,                ,                  ,                  ,                 ,                   ,                 ,                  ,                        ,                        ,                       ,                       
 manifold_lex_d2_n8_o0_g2_#06,   2,         8,     24,          0,     2,     6, 1,    0.08537335,    14853528,          1, 0.002661075,     1127008,   0.063162555,     8885032,              n/a,              n/a,             n/a,             n/a,    1.338104848,   105002848,          2,   0.0129421,    16279312,     0.16608455,    10087832,              n/a,              n/a,             n/a,             n/a,               ,            ,           ,            ,            ,               ,            ,                 ,                 ,                ,                ,   1.378357921,   104123624,          1, 0.011473935,    16279280,   0.061677526,     8879488,              n/a,              n/a,             n/a,             n/a,              ,            ,           ,            ,            ,              ,            ,                 ,                 ,                ,                ,   1.200604351,   103794472,          1, 0.011458646,    16279280,   0.060274102,     8879488,              n/a,              n/a,             n/a,             n/a,              ,            ,            ,            ,             ,              ,            ,                  ,                  ,                 ,                 ,   1.251189756,     103794472,             1,  0.015908608,       16279280,   0.061519688,       8879488,                 n/a,                 n/a,                n/a,                n/a,                ,                  ,                  ,                 ,                   ,                 ,                  ,                        ,                        ,                       ,                       
 manifold_lex_d2_n8_o0_g2_#06,   2,         8,     16,          0,     2,     6, 2,   0.089586944,    15226200,          1, 0.009519726,     1697664,   0.060362085,     8687048,              n/a,              n/a,             n/a,             n/a,  425.545503661, 55706935984,         12, 0.020105944,    25962544,  424.354609416, 55602337736,                6,                3,           44726,              19,  437.328395603, 56090868568,          2, 1.170549812,   409850160,  434.934519491, 55602288344,                6,                3,           44726,              19,   1.172422351,   113279688,          1, 0.018259593,    25962480,   0.061257172,     8681504,              n/a,              n/a,             n/a,             n/a,   2.275364545,   499185272,          1, 1.064867154,   411758600,   0.055482959,     8696608,              n/a,              n/a,             n/a,             n/a,   1.192424934,   113279720,         13, 0.019793502,    25962512,   0.058642428,     8681504,              n/a,              n/a,             n/a,             n/a,   2.299464292,   500093616,           1, 1.097411154,    412666944,   0.059058066,     8696608,               n/a,               n/a,              n/a,              n/a,   1.229746808,     113279688,             1,  0.019348235,       25962480,   0.058176875,       8681504,                 n/a,                 n/a,                n/a,                n/a,     2.843945253,         869634920,                 1,      1.616054177,          782208248,      0.055842523,           8696608,                     n/a,                     n/a,                    n/a,                    n/a
 manifold_lex_d2_n8_o1_g0_#01,   2,         8,      8,          1,     0,    01, 0,   0.078480802,    13524048,          1, 0.000718568,      199416,   0.058084882,     8483144,              n/a,              n/a,             n/a,             n/a,    1.227011146,    89287784,          1, 0.002363102,     2174480,    0.057850382,     8477600,              n/a,              n/a,             n/a,             n/a,               ,            ,           ,            ,            ,               ,            ,                 ,                 ,                ,                ,   1.221323957,    89287784,          1, 0.002624243,     2174480,   0.058741122,     8477600,              n/a,              n/a,             n/a,             n/a,              ,            ,           ,            ,            ,              ,            ,                 ,                 ,                ,                ,   1.220308742,    89287784,          1, 0.002258467,     2174480,   0.058750009,     8477600,              n/a,              n/a,             n/a,             n/a,              ,            ,            ,            ,             ,              ,            ,                  ,                  ,                 ,                 ,   1.200527508,      89287784,             1,  0.002365708,        2174480,   0.057798656,       8477600,                 n/a,                 n/a,                n/a,                n/a,                ,                  ,                  ,                 ,                   ,                 ,                  ,                        ,                        ,                       ,                       
 manifold_lex_d2_n8_o1_g0_#01,   2,         8,     18,          1,     0,    01, 1,   0.083811394,    14158480,          1, 0.002504518,      584296,   0.062217967,     8732696,              n/a,              n/a,             n/a,             n/a,    1.212977053,   100027864,         36,  0.01045839,    12665008,    0.057314527,     8727152,              n/a,              n/a,             n/a,             n/a,               ,            ,           ,            ,            ,               ,            ,                 ,                 ,                ,                ,    1.38832397,   100356952,          5, 0.009516192,    12664944,   0.059628177,     8727152,              n/a,              n/a,             n/a,             n/a,              ,            ,           ,            ,            ,              ,            ,                 ,                 ,                ,                ,   1.393583821,   100356920,          2, 0.009379818,    12664912,    0.05690819,     8727152,              n/a,              n/a,             n/a,             n/a,              ,            ,            ,            ,             ,              ,            ,                  ,                  ,                 ,                 ,   1.218335975,     100027736,             1,  0.009654173,       12664880,   0.057947951,       8727152,                 n/a,                 n/a,                n/a,                n/a,                ,                  ,                  ,                 ,                   ,                 ,                  ,                        ,                        ,                       ,                       
 manifold_lex_d2_n8_o1_g0_#01,   2,         8,     12,          1,     0,    01, 2,   1.143501714,  1459886780,          1,   0.0045944,     1187640,   1.120093607,  1453857652,                6,                3,            9300,              15,    4.619269717,  3269302526,         84,  0.01504128,    20327440,    3.364755725,  3170010230,                6,                3,            8344,              15,    5.530030954,  3558688254,          2, 0.922930606,   309997352,    3.381804892,  3169960838,                6,                3,            8344,              15,   5.796371756,  3761030072,         12, 0.012904889,    20327376,   4.693517392,  3662066992,                6,                3,            9188,              15,   7.005625654,  4052057848,          1, 0.925062145,   311510392,   4.806928336,  3661817392,                6,                3,            9188,              15,   4.554838427,  2234149988,          2, 0.013078521,    20327312,   3.450314831,  2135186972,                6,                3,            9300,              15,   5.997875485,  2526145476,           1, 0.872920535,    312277832,   3.915131103,  2135137580,                 6,                 3,             9300,               15,   2.428355645,    1639718740,             1,  0.014814548,       20327280,   1.258643761,    1540755756,                   6,                   3,               9300,                 15,     3.734952054,        2207337404,                 1,      1.342701901,          588268640,      1.200743751,        1540338700,                       6,                       3,                   9300,                     15
 manifold_lex_d2_n8_o1_g0_#02,   2,         8,      8,          1,     0,    02, 0,   0.081506699,    13524048,          1, 0.000694515,      199416,   0.061438215,     8483144,              n/a,              n/a,             n/a,             n/a,    1.257612202,    89287784,          1, 0.002475632,     2174480,    0.063984521,     8477600,              n/a,              n/a,             n/a,             n/a,               ,            ,           ,            ,            ,               ,            ,                 ,                 ,                ,                ,   1.293120567,    89287784,          1,  0.00245748,     2174480,   0.062831574,     8477600,              n/a,              n/a,             n/a,             n/a,              ,            ,           ,            ,            ,              ,            ,                 ,                 ,                ,                ,   1.210641494,    89287784,          1, 0.002337505,     2174480,   0.057772212,     8477600,              n/a,              n/a,             n/a,             n/a,              ,            ,            ,            ,             ,              ,            ,                  ,                  ,                 ,                 ,   1.201679592,      89287784,             1,  0.002334596,        2174480,   0.056581044,       8477600,                 n/a,                 n/a,                n/a,                n/a,                ,                  ,                  ,                 ,                   ,                 ,                  ,                        ,                        ,                       ,                       
 manifold_lex_d2_n8_o1_g0_#02,   2,         8,     18,          1,     0,    02, 1,   0.084156043,    14158840,          1, 0.002793392,      584656,   0.061150935,     8732696,              n/a,              n/a,             n/a,             n/a,    1.374134623,   100356952,         32, 0.009942197,    12664944,    0.059288401,     8727152,              n/a,              n/a,             n/a,             n/a,               ,            ,           ,            ,            ,               ,            ,                 ,                 ,                ,                ,   1.299107419,   100356952,          4, 0.008651163,    12664944,   0.055799584,     8727152,              n/a,              n/a,             n/a,             n/a,              ,            ,           ,            ,            ,              ,            ,                 ,                 ,                ,                ,   1.220963672,   100027736,          1, 0.009210774,    12664880,   0.058368473,     8727152,              n/a,              n/a,             n/a,             n/a,              ,            ,            ,            ,             ,              ,            ,                  ,                  ,                 ,                 ,   1.213541434,     100027736,             1,  0.009547145,       12664880,   0.059380012,       8727152,                 n/a,                 n/a,                n/a,                n/a,                ,                  ,                  ,                 ,                   ,                 ,                  ,                        ,                        ,                       ,                       
 manifold_lex_d2_n8_o1_g0_#02,   2,         8,     12,          1,     0,    02, 2,   1.770892516,  1352814184,          1, 0.005288124,     1204920,   1.745765401,  1346767776,                6,                3,            9142,              15,    7.042332747,  2842088228,       >100, 0.015443983,    20327312,    5.853116261,  2743125004,                6,                3,            8288,              15,    8.102617761,  3131810636,          2, 0.861753653,   310004960,    6.016569831,  2743075612,                6,                3,            8288,              15,   8.926500986,  2938577562,         49, 0.014189073,    20327408,   7.827194813,  2839614450,                6,                3,            9036,              15,  10.207712257,  3229818090,          1, 0.864199251,   311522968,   8.115914609,  2839565058,                6,                3,            9036,              15,   8.320851121,  2021359616,          1, 0.014397123,    20327280,    7.22287926,  1922396632,                6,                3,            9138,              15,   9.446581762,  2313030976,           1, 0.910550918,    312282824,   7.319876017,  1922018088,                 6,                 3,             9138,               15,   2.938754127,    1532201488,             1,  0.013251802,       20327280,   1.843392025,    1433238504,                   6,                   3,               9142,                 15,     4.317822597,        2100612400,                 1,      1.313963079,          588860680,      1.801481248,        1433021656,                       6,                       3,                   9142,                     15
 manifold_lex_d2_n8_o1_g0_#03,   2,         8,      8,          1,     0,    03, 0,    0.07195626,    13524048,          1, 0.000562104,      199416,   0.053472182,     8483144,              n/a,              n/a,             n/a,             n/a,    1.203633232,    89287784,          1, 0.002283945,     2174480,    0.056712682,     8477600,              n/a,              n/a,             n/a,             n/a,               ,            ,           ,            ,            ,               ,            ,                 ,                 ,                ,                ,   1.209195196,    89287784,          1, 0.002319773,     2174480,   0.057606729,     8477600,              n/a,              n/a,             n/a,             n/a,              ,            ,           ,            ,            ,              ,            ,                 ,                 ,                ,                ,    1.20677717,    89287784,          1, 0.002299734,     2174480,   0.057758122,     8477600,              n/a,              n/a,             n/a,             n/a,              ,            ,            ,            ,             ,              ,            ,                  ,                  ,                 ,                 ,   1.227942149,      89287784,             1,  0.002559823,        2174480,   0.060685145,       8477600,                 n/a,                 n/a,                n/a,                n/a,                ,                  ,                  ,                 ,                   ,                 ,                  ,                        ,                        ,                       ,                       
 manifold_lex_d2_n8_o1_g0_#03,   2,         8,     18,          1,     0,    03, 1,   0.082858264,    14155360,          1, 0.002532531,      581176,   0.061127265,     8732696,              n/a,              n/a,             n/a,             n/a,    1.366048379,   100356984,         38, 0.009424116,    12664976,    0.058414039,     8727152,              n/a,              n/a,             n/a,             n/a,               ,            ,           ,            ,            ,               ,            ,                 ,                 ,                ,                ,   1.332137877,   100356952,          4, 0.010043108,    12664944,   0.060008683,     8727152,              n/a,              n/a,             n/a,             n/a,              ,            ,           ,            ,            ,              ,            ,                 ,                 ,                ,                ,   1.205472504,   100027736,          1, 0.009121794,    12664880,   0.057169459,     8727152,              n/a,              n/a,             n/a,             n/a,              ,            ,            ,            ,             ,              ,            ,                  ,                  ,                 ,                 ,   1.270405869,     100027736,             1,   0.00938128,       12664880,   0.058683389,       8727152,                 n/a,                 n/a,                n/a,                n/a,                ,                  ,                  ,                 ,                   ,                 ,                  ,                        ,                        ,                       ,                       
 manifold_lex_d2_n8_o1_g0_#03,   2,         8,     12,          1,     0,    03, 2,    0.95503919,   853733688,          1, 0.004916787,     1217360,   0.930974753,   847674840,                6,                3,            4418,              14,    4.272806501,  1887548846,       >100, 0.014767311,    20327344,    3.095566042,  1788585590,                6,                3,            3836,              14,    5.193985575,  2177268886,          2, 0.845644388,   310002624,    3.149941089,  1788536198,                6,                3,            3836,              14,   5.306471186,  2020578082,         12, 0.013165392,    20327376,   4.189321933,  1921615002,                6,                3,            4344,              14,   6.620528477,  2311615986,          1, 0.858761328,   311520520,   4.545507632,  1921365402,                6,                3,            4344,              14,   4.738428766,  1268999808,          1, 0.013414882,    20327280,   3.555692795,  1169707672,                6,                3,            4416,              14,   6.059815095,  1560668960,           1, 0.874756739,    312280616,   3.975879325,  1169658280,                 6,                 3,             4416,               14,   2.151191789,     992300148,             1,  0.013595162,       20327280,   1.042363111,     893337164,                   6,                   3,               4418,                 14,     3.448003855,        1561122852,                 1,      1.291485916,          589472680,      0.949287674,         892920108,                       6,                       3,                   4418,                     14
 manifold_lex_d2_n8_o1_g0_#04,   2,         8,      8,          1,     0,    04, 0,   0.082602192,    13524048,          1, 0.000694433,      199416,    0.06226352,     8483144,              n/a,              n/a,             n/a,             n/a,    1.206682211,    89287784,          1, 0.002320134,     2174480,    0.058009267,     8477600,              n/a,              n/a,             n/a,             n/a,               ,            ,           ,            ,            ,               ,            ,                 ,                 ,                ,                ,   1.255456667,    89287784,          1, 0.002527301,     2174480,   0.060808008,     8477600,              n/a,              n/a,             n/a,             n/a,              ,            ,           ,            ,            ,              ,            ,                 ,                 ,                ,                ,   1.287917686,    89616936,          1, 0.002268848,     2174480,   0.056830815,     8477600,              n/a,              n/a,             n/a,             n/a,              ,            ,            ,            ,             ,              ,            ,                  ,                  ,                 ,                 ,   1.221734933,      89287784,             1,  0.002492777,        2174480,   0.059761573,       8477600,                 n/a,                 n/a,                n/a,                n/a,                ,                  ,                  ,                 ,                   ,                 ,                  ,                        ,                        ,                       ,                       
 manifold_lex_d2_n8_o1_g0_#04,   2,         8,     18,          1,     0,    04, 1,   0.093562006,    14161528,          1, 0.002776249,      587344,   0.068994649,     8732696,              n/a,              n/a,             n/a,             n/a,     1.39202118,   100421448,         11, 0.102612989,    13058592,     0.06184882,     8727152,              n/a,              n/a,             n/a,             n/a,               ,            ,           ,            ,            ,               ,            ,                 ,                 ,                ,                ,   1.489492331,   100356984,          9, 0.009495287,    12664976,    0.05796882,     8727152,              n/a,              n/a,             n/a,             n/a,              ,            ,           ,            ,            ,              ,            ,                 ,                 ,                ,                ,   1.211482965,   100027768,          2, 0.009360463,    12664912,     0.0574945,     8727152,              n/a,              n/a,             n/a,             n/a,              ,            ,            ,            ,             ,              ,            ,                  ,                  ,                 ,                 ,   1.276360626,     100027736,             1,  0.009962961,       12664880,   0.059756793,       8727152,                 n/a,                 n/a,                n/a,                n/a,                ,                  ,                  ,                 ,                   ,                 ,                  ,                        ,                        ,                       ,                       
 manifold_lex_d2_n8_o1_g0_#04,   2,         8,     12,          1,     0,    04, 2,   2.052260124,  2729626816,          1, 0.005392849,     1226720,   2.027324486,  2723558608,                6,                3,           14677,              18,    1.271081889,   105525800,       >100, 0.015031584,    20327408,    0.046627671,     6562480,              n/a,              n/a,             n/a,             n/a,    8.171337232,  6671212878,          5, 0.908302206,   310092688,    6.070749941,  6282390126,                6,                3,           10780,              18,   9.713800698,  7733527116,         12, 0.013969652,    20327408,    8.59377774,  7634564004,                6,                3,           14601,              18,  10.750010841,  8024861948,          1, 0.944306839,   311617272,   8.596437857,  7634514612,                6,                3,           14601,              18,   6.693883806,  3407637262,          2, 0.014339648,    20327312,   5.515614829,  3308345094,                6,                3,           14677,              18,   7.821768102,  3699429782,           1, 0.925488262,    312404016,   5.680059709,  3308295702,                 6,                 3,            14677,               18,   3.370433335,    3035513364,             1,  0.015515207,       20327280,   2.260369924,    2936550380,                   6,                   3,              14677,                 18,     4.747711409,        3605218948,                 1,      1.242704197,          590484504,      2.299836781,        2936004380,                       6,                       3,                  14677,                     18
 manifold_lex_d2_n8_o1_g0_#05,   2,         8,      8,          1,     0,    05, 0,    0.07699872,    13524048,          1,  0.00071391,      199416,   0.056748657,     8483144,              n/a,              n/a,             n/a,             n/a,    1.214777563,    89287784,          1, 0.002535258,     2174480,    0.058666728,     8477600,              n/a,              n/a,             n/a,             n/a,               ,            ,           ,            ,            ,               ,            ,                 ,                 ,                ,                ,   1.264057571,    89287784,          1, 0.002537693,     2174480,   0.063534702,     8477600,              n/a,              n/a,             n/a,             n/a,              ,            ,           ,            ,            ,              ,            ,                 ,                 ,                ,                ,   1.212713524,    89287784,          1,   0.0022595,     2174480,   0.057940283,     8477600,              n/a,              n/a,             n/a,             n/a,              ,            ,            ,            ,             ,              ,            ,                  ,                  ,                 ,                 ,   1.217884508,      89287784,             1,   0.00231854,        2174480,   0.059689085,       8477600,                 n/a,                 n/a,                n/a,                n/a,                ,                  ,                  ,                 ,                   ,                 ,                  ,                        ,                        ,                       ,                       
 manifold_lex_d2_n8_o1_g0_#05,   2,         8,     18,          1,     0,    05, 1,   0.083154545,    14162592,          1, 0.002616048,      588408,   0.061255354,     8732696,              n/a,              n/a,             n/a,             n/a,    1.269463065,   100027800,         32, 0.009854397,    12664944,    0.059130358,     8727152,              n/a,              n/a,             n/a,             n/a,               ,            ,           ,            ,            ,               ,            ,                 ,                 ,                ,                ,   1.341591665,   100421448,          4, 0.095839561,    13058592,   0.057391064,     8727152,              n/a,              n/a,             n/a,             n/a,              ,            ,           ,            ,            ,              ,            ,                 ,                 ,                ,                ,   1.177096097,   100027736,          1, 0.010509396,    12664880,   0.057068247,     8727152,              n/a,              n/a,             n/a,             n/a,              ,            ,            ,            ,             ,              ,            ,                  ,                  ,                 ,                 ,   1.222109755,     100027736,             1,  0.010780589,       12664880,   0.059449416,       8727152,                 n/a,                 n/a,                n/a,                n/a,                ,                  ,                  ,                 ,                   ,                 ,                  ,                        ,                        ,                       ,                       
 manifold_lex_d2_n8_o1_g0_#05,   2,         8,     12,          1,     0,    05, 2,   5.274310061,  5701749156,          1, 0.005687946,     1244616,   5.248005347,  5695663052,                6,                3,           28979,              19,    1.243196036,   105525736,       >100,  0.01579117,    20327344,    0.051724015,     6562480,              n/a,              n/a,             n/a,             n/a,   16.626612875, 11897443772,          2, 0.862211324,   310079432,   14.577384119, 11508634276,                6,                3,           20420,              19,  22.845263172, 15670997458,         12, 0.013106964,    20327376,  21.744620882, 15572034378,                6,                3,           28815,              19,   24.44305256, 15962132922,          1, 0.845029268,   311618080,  22.383457771, 15571784778,                6,                3,           28815,              19,  17.095440755,  7198997568,          1, 0.014621217,    20327280,  15.999460961,  7100034584,                6,                3,           28975,              19,  18.533327111,  7491122560,           1, 0.869950237,    312407304,  16.489560525,  7099985192,                 6,                 3,            28975,               19,   6.686827969,    6241161364,             1,   0.01505894,       20327280,   5.586349759,    6142198380,                   6,                   3,              28979,                 19,     8.029999743,        6811111420,                 1,      1.297906245,          590399824,      5.575390016,        6141981532,                       6,                       3,                  28979,                     19
 manifold_lex_d2_n8_o1_g0_#06,   2,         8,      8,          1,     0,    06, 0,   0.071503309,    13524048,          1, 0.000581922,      199416,   0.053071499,     8483144,              n/a,              n/a,             n/a,             n/a,    1.186076537,    89287784,          1, 0.002236216,     2174480,    0.056644039,     8477600,              n/a,              n/a,             n/a,             n/a,               ,            ,           ,            ,            ,               ,            ,                 ,                 ,                ,                ,   1.222510873,    89287784,          1, 0.002422845,     2174480,   0.058102458,     8477600,              n/a,              n/a,             n/a,             n/a,              ,            ,           ,            ,            ,              ,            ,                 ,                 ,                ,                ,   1.216387037,    89287784,          1,  0.00241415,     2174480,   0.059699573,     8477600,              n/a,              n/a,             n/a,             n/a,              ,            ,            ,            ,             ,              ,            ,                  ,                  ,                 ,                 ,   1.196231263,      89287784,             1,   0.00240382,        2174480,   0.058715767,       8477600,                 n/a,                 n/a,                n/a,                n/a,                ,                  ,                  ,                 ,                   ,                 ,                  ,                        ,                        ,                       ,                       
 manifold_lex_d2_n8_o1_g0_#06,   2,         8,     18,          1,     0,    06, 1,   0.090460935,    14155832,          1, 0.002690678,      581648,   0.066418919,     8732696,              n/a,              n/a,             n/a,             n/a,    1.298993746,   100356952,         32, 0.009267026,    12664944,    0.058382511,     8727152,              n/a,              n/a,             n/a,             n/a,               ,            ,           ,            ,            ,               ,            ,                 ,                 ,                ,                ,   1.336861039,   100356952,          4, 0.009890695,    12664944,   0.058907093,     8727152,              n/a,              n/a,             n/a,             n/a,              ,            ,           ,            ,            ,              ,            ,                 ,                 ,                ,                ,   1.192105615,   100027736,          1, 0.009747489,    12664880,   0.057687251,     8727152,              n/a,              n/a,             n/a,             n/a,              ,            ,            ,            ,             ,              ,            ,                  ,                  ,                 ,                 ,   1.225502582,     100027736,             1,  0.010302589,       12664880,   0.059366856,       8727152,                 n/a,                 n/a,                n/a,                n/a,                ,                  ,                  ,                 ,                   ,                 ,                  ,                        ,                        ,                       ,                       
 manifold_lex_d2_n8_o1_g0_#06,   2,         8,     12,          1,     0,    06, 2,  17.207012829,  8346906676,          1, 0.004859908,     1183640,   17.18320299,  8340881548,                6,                3,           11979,              17,    1.213327792,   105525736,       >100, 0.015914559,    20327344,    0.045689202,     6562480,              n/a,              n/a,             n/a,             n/a,  138.167899225, 15914868092,          2, 0.842165196,   309963608,  136.174722872, 15526174420,                6,                3,            9176,              17, 199.074277478, 19111416760,         12,  0.01281883,    20327376, 198.007782805, 19012453680,                6,                3,           11943,              17,  204.10329209, 19402299768,          1, 0.867600512,   311494568,   202.0789472, 19012075136,                6,                3,           11943,              17, 162.510015244, 12738867394,          1, 0.013360118,    20327280, 161.433267255, 12639904410,                6,                3,           11979,              17, 169.459906847, 13030861170,           1, 0.902587276,    312276088, 167.415870138, 12639855018,                 6,                 3,            11979,               17,  35.027590539,    8870771848,             1,  0.013556753,       20327280,  33.931809332,    8771808864,                   6,                   3,              11979,                 17,     36.38762693,        9439058336,                 1,      1.286782203,          589065408,     33.946268823,        8771262864,                       6,                       3,                  11979,                     17
 manifold_lex_d2_n8_o1_g0_#07,   2,         8,      8,          1,     0,    07, 0,    0.06882911,    13524048,          1,   0.0004956,      199416,    0.05082897,     8483144,              n/a,              n/a,             n/a,             n/a,     1.18873352,    89287784,          1, 0.002309353,     2174480,    0.057589613,     8477600,              n/a,              n/a,             n/a,             n/a,               ,            ,           ,            ,            ,               ,            ,                 ,                 ,                ,                ,   1.265953583,    89287784,          1,  0.00248366,     2174480,   0.060909902,     8477600,              n/a,              n/a,             n/a,             n/a,              ,            ,           ,            ,            ,              ,            ,                 ,                 ,                ,                ,   1.202096653,    89287784,          1, 0.002292851,     2174480,   0.058143341,     8477600,              n/a,              n/a,             n/a,             n/a,              ,            ,            ,            ,             ,              ,            ,                  ,                  ,                 ,                 ,   1.185407973,      89287784,             1,  0.002300066,        2174480,   0.056084569,       8477600,                 n/a,                 n/a,                n/a,                n/a,                ,                  ,                  ,                 ,                   ,                 ,                  ,                        ,                        ,                       ,                       
 manifold_lex_d2_n8_o1_g0_#07,   2,         8,     18,          1,     0,    07, 1,   0.082325298,    14157656,          1, 0.002525207,      583472,   0.060593037,     8732696,              n/a,              n/a,             n/a,             n/a,    1.335319728,   100357016,         23, 0.010683233,    12665008,    0.058198565,     8727152,              n/a,              n/a,             n/a,             n/a,               ,            ,           ,            ,            ,               ,            ,                 ,                 ,                ,                ,   1.223351508,   100027768,          4, 0.010673845,    12664912,   0.057338533,     8727152,              n/a,              n/a,             n/a,             n/a,              ,            ,           ,            ,            ,              ,            ,                 ,                 ,                ,                ,   1.201316035,   100027736,          1, 0.009235558,    12664880,   0.057440261,     8727152,              n/a,              n/a,             n/a,             n/a,              ,            ,            ,            ,             ,              ,            ,                  ,                  ,                 ,                 ,   1.227505941,     100027736,             1,  0.011513072,       12664880,   0.059542263,       8727152,                 n/a,                 n/a,                n/a,                n/a,                ,                  ,                  ,                 ,                   ,                 ,                  ,                        ,                        ,                       ,                       
 manifold_lex_d2_n8_o1_g0_#07,   2,         8,     12,          1,     0,    07, 2,   0.541015089,   824067504,          1, 0.005155644,     1221384,   0.516324153,   818004632,                6,                3,            2998,              15,    2.422823983,  1664329000,         54, 0.014704569,    20327440,    1.194343873,  1565365856,                6,                3,            2248,              15,    3.238964599,  1953863808,          5, 0.864499138,   310081984,    1.213758148,  1565051760,                6,                3,            2248,              15,   2.934251999,  2011879700,         12, 0.017521794,    20327344,   1.737683864,  1912916652,                6,                3,            2920,              15,   3.737522711,  2302896868,          4, 0.829528639,   311628696,   1.683831892,  1912538108,                6,                3,            2920,              15,   2.040217029,  1116217708,          1, 0.014638905,    20327280,   0.787878567,  1016925572,                6,                3,            2998,              15,     3.1806907,  1408012492,           1,  0.88401014,    312406248,    1.10142637,  1016876180,                 6,                 3,             2998,               15,   1.845768315,     970645624,             1,  0.017451961,       20327280,   0.619123521,     871682640,                   6,                   3,               2998,                 15,     3.112346707,        1541166032,                 1,      1.345873524,          590970176,      0.552096189,         871465792,                       6,                       3,                   2998,                     15
 manifold_lex_d2_n8_o1_g0_#08,   2,         8,      8,          1,     0,    08, 0,   0.075172196,    13524048,          1, 0.000662864,      199416,   0.055631768,     8483144,              n/a,              n/a,             n/a,             n/a,    1.216471435,    89287784,          1, 0.002424919,     2174480,    0.059271776,     8477600,              n/a,              n/a,             n/a,             n/a,               ,            ,           ,            ,            ,               ,            ,                 ,                 ,                ,                ,   1.250340134,    89287784,          1, 0.002503988,     2174480,   0.061514824,     8477600,              n/a,              n/a,             n/a,             n/a,              ,            ,           ,            ,            ,              ,            ,                 ,                 ,                ,                ,   1.281965515,    89287784,          1, 0.002748426,     2174480,   0.066167943,     8477600,              n/a,              n/a,             n/a,             n/a,              ,            ,            ,            ,             ,              ,            ,                  ,                  ,                 ,                 ,   1.213180011,      89287784,             1,  0.002311525,        2174480,   0.057133455,       8477600,                 n/a,                 n/a,                n/a,                n/a,                ,                  ,                  ,                 ,                   ,                 ,                  ,                        ,                        ,                       ,                       
 manifold_lex_d2_n8_o1_g0_#08,   2,         8,     18,          1,     0,    08, 1,   0.089414415,    14161488,          1, 0.002705465,      587304,   0.067198838,     8732696,              n/a,              n/a,             n/a,             n/a,    1.256424138,   100027832,         64, 0.010681799,    12664976,     0.06121935,     8727152,              n/a,              n/a,             n/a,             n/a,               ,            ,           ,            ,            ,               ,            ,                 ,                 ,                ,                ,   1.231666806,   100027800,         12, 0.010557377,    12664944,   0.058052222,     8727152,              n/a,              n/a,             n/a,             n/a,              ,            ,           ,            ,            ,              ,            ,                 ,                 ,                ,                ,   1.240141924,   100027768,          2, 0.009592446,    12664912,   0.064758324,     8727152,              n/a,              n/a,             n/a,             n/a,              ,            ,            ,            ,             ,              ,            ,                  ,                  ,                 ,                 ,   1.312894908,     100027736,             1,   0.01148148,       12664880,   0.068887751,       8727152,                 n/a,                 n/a,                n/a,                n/a,                ,                  ,                  ,                 ,                   ,                 ,                  ,                        ,                        ,                       ,                       
 manifold_lex_d2_n8_o1_g0_#08,   2,         8,     12,          1,     0,    08, 2,   14.32345688,  7353764252,          1, 0.005049713,     1189392,  14.298869862,  7347733372,                6,                3,           17286,              16,   43.147447755,  9362092076,         75, 0.014250866,    20327472,   41.999697017,  9263128900,                6,                3,           16032,              16,   44.749142156,  9651863252,          2, 0.876520245,   310053680,   42.624090408,  9263079508,                6,                3,           16032,              16,  61.256916564, 10488466764,         23, 0.014654152,    20327376,  60.160102415, 10389503684,                6,                3,           17266,              16,  62.055926092, 10779502404,          1,  1.02601765,   311647200,  59.886659247, 10389125140,                6,                3,           17266,              16,   66.60199015,  9710275926,          2, 0.013640128,    20327312,  65.477542735,  9611312910,                6,                3,           17286,              16,   67.98628365, 10002235062,           1, 0.903915373,    312441688,  65.937699303,  9611063310,                 6,                 3,            17286,               16,  15.895398446,    7531961216,             1,  0.014016546,       20327280,  14.761450858,    7432998232,                   6,                   3,              17286,                 16,    16.726282344,        8100427120,                 1,      1.227964975,          589244824,     14.355577146,        7432452232,                       6,                       3,                  17286,                     16
 manifold_lex_d2_n8_o1_g0_#09,   2,         8,      8,          1,     0,    09, 0,   0.075187047,    13524048,          1, 0.000568677,      199416,   0.055189057,     8483144,              n/a,              n/a,             n/a,             n/a,    1.163922187,    89287784,          1, 0.002105852,     2174480,    0.056325379,     8477600,              n/a,              n/a,             n/a,             n/a,               ,            ,           ,            ,            ,               ,            ,                 ,                 ,                ,                ,   1.327441572,    92230816,          1, 0.002557088,     2174480,    0.16296652,    11420632,              n/a,              n/a,             n/a,             n/a,              ,            ,           ,            ,            ,              ,            ,                 ,                 ,                ,                ,   1.218660206,    89287784,          1, 0.002341173,     2174480,   0.059404788,     8477600,              n/a,              n/a,             n/a,             n/a,              ,            ,            ,            ,             ,              ,            ,                  ,                  ,                 ,                 ,   1.219055387,      89287784,             1,  0.002403701,        2174480,   0.056956484,       8477600,                 n/a,                 n/a,                n/a,                n/a,                ,                  ,                  ,                 ,                   ,                 ,                  ,                        ,                        ,                       ,                       
 manifold_lex_d2_n8_o1_g0_#09,   2,         8,     18,          1,     0,    09, 1,   0.168238336,    14493096,          1, 0.002799943,      589760,     0.0607656,     8732696,              n/a,              n/a,             n/a,             n/a,     1.24422541,   100027832,         22, 0.011943339,    12664976,    0.059223418,     8727152,              n/a,              n/a,             n/a,             n/a,               ,            ,           ,            ,            ,               ,            ,                 ,                 ,                ,                ,   1.305678415,   100027800,          6, 0.009565848,    12664944,   0.059562485,     8727152,              n/a,              n/a,             n/a,             n/a,              ,            ,           ,            ,            ,              ,            ,                 ,                 ,                ,                ,   1.228894466,   100027736,          1, 0.010146938,    12664880,   0.057467636,     8727152,              n/a,              n/a,             n/a,             n/a,              ,            ,            ,            ,             ,              ,            ,                  ,                  ,                 ,                 ,   1.215479243,     100027736,             1,   0.00891958,       12664880,   0.058216867,       8727152,                 n/a,                 n/a,                n/a,                n/a,                ,                  ,                  ,                 ,                   ,                 ,                  ,                        ,                        ,                       ,                       
 manifold_lex_d2_n8_o1_g0_#09,   2,         8,     12,          1,     0,    09, 2,  17.677017568,  7726174652,          1, 0.005462471,     1218928,  17.652335206,  7720114236,                6,                3,           24207,              17,   45.446290987,  8100709738,         64, 0.014235459,    20327440,   44.275977761,  8001746594,                6,                3,           21764,              17,   45.444690036,  8390489178,          2, 0.793886032,   309732760,   43.420579338,  8001697202,                6,                3,           21764,              17,    77.7994807, 10430409684,          6,   0.0127387,    20327344,   76.73643586, 10331446636,                6,                3,           24143,              17,  78.414845213, 10721717748,          1, 0.912382105,   311658536,  76.368828272, 10331329148,                6,                3,           24143,              17,  88.874273204,  9405594572,          1, 0.013315361,    20327280,  87.786750371,  9306631588,                6,                3,           24207,              17,   90.10347038,  9697758076,           1, 0.826672244,    312445816,  88.149898911,  9306582196,                 6,                 3,            24207,               17,  19.768951619,    7789891760,             1,  0.016685745,       20327280,  18.653760381,    7690928776,                   6,                   3,              24207,                 17,    20.730190788,        8358989592,                 1,       1.26054165,          589876752,     18.333613164,        7690382776,                       6,                       3,                  24207,                     17
 manifold_lex_d2_n8_o1_g0_#10,   2,         8,      8,          1,     0,    10, 0,   0.071455701,    13524048,          1, 0.000550282,      199416,   0.052972903,     8483144,              n/a,              n/a,             n/a,             n/a,    1.201860498,    89287784,          1,  0.00227594,     2174480,    0.057577714,     8477600,              n/a,              n/a,             n/a,             n/a,               ,            ,           ,            ,            ,               ,            ,                 ,                 ,                ,                ,   1.183584588,    89287784,          1, 0.002342074,     2174480,   0.056538233,     8477600,              n/a,              n/a,             n/a,             n/a,              ,            ,           ,            ,            ,              ,            ,                 ,                 ,                ,                ,   1.199172745,    89287784,          1, 0.002325403,     2174480,   0.056880787,     8477600,              n/a,              n/a,             n/a,             n/a,              ,            ,            ,            ,             ,              ,            ,                  ,                  ,                 ,                 ,   1.175810361,      89287784,             1,  0.002286771,        2174480,   0.055880994,       8477600,                 n/a,                 n/a,                n/a,                n/a,                ,                  ,                  ,                 ,                   ,                 ,                  ,                        ,                        ,                       ,                       
 manifold_lex_d2_n8_o1_g0_#10,   2,         8,     18,          1,     0,    10, 1,   0.083619542,    14159336,          1,  0.00275016,      585152,   0.061447825,     8732696,              n/a,              n/a,             n/a,             n/a,    1.391271204,   100357016,         20, 0.011138837,    12665008,     0.06415801,     8727152,              n/a,              n/a,             n/a,             n/a,               ,            ,           ,            ,            ,               ,            ,                 ,                 ,                ,                ,   1.299137869,   100421448,          6,  0.10258835,    13058592,   0.058747039,     8727152,              n/a,              n/a,             n/a,             n/a,              ,            ,           ,            ,            ,              ,            ,                 ,                 ,                ,                ,   1.173365617,   100027736,          1, 0.010231259,    12664880,   0.058131901,     8727152,              n/a,              n/a,             n/a,             n/a,              ,            ,            ,            ,             ,              ,            ,                  ,                  ,                 ,                 ,   1.214119148,     100027736,             1,  0.009894987,       12664880,   0.060942755,       8727152,                 n/a,                 n/a,                n/a,                n/a,                ,                  ,                  ,                 ,                   ,                 ,                  ,                        ,                        ,                       ,                       
 manifold_lex_d2_n8_o1_g0_#10,   2,         8,     12,          1,     0,    10, 2,  16.173791185,  7567621832,          1, 0.005630172,     1232728,   16.14841119,  7561547616,                6,                3,           16543,              16,   50.253303967,  9543160780,         75, 0.016378053,    20327440,   49.090123228,  9444197636,                6,                3,           14856,              16,   50.658466472,  9832607260,          2, 0.865823024,   310058104,   48.583932262,  9443819092,                6,                3,           14856,              16,  74.459557483, 12759550388,          6, 0.012606274,    20327344,  73.394886658, 12660587340,                6,                3,           16457,              16,  79.379575835, 13050923004,          1, 0.979907609,   311654992,  77.218707908, 12660537948,                6,                3,           16457,              16,  76.280638634, 10078026412,          1,  0.01289913,    20327280,  75.212501785,  9979063428,                6,                3,           16543,              16,  81.386421554, 10370188396,           2, 0.865985124,    312444296,  79.399366003,  9979014036,                 6,                 3,            16543,               16,  18.452272995,    7757143004,             1,  0.012838446,       20327280,  17.367420468,    7658180020,                   6,                   3,              16543,                 16,    19.108653437,        8326872876,                 1,       1.32393155,          590508792,     16.640097135,        7657634020,                       6,                       3,                  16543,                     16
 manifold_lex_d2_n8_o1_g0_#11,   2,         8,      8,          1,     0,    11, 0,   0.071605895,    13524048,          1,  0.00054926,      199416,   0.053134512,     8483144,              n/a,              n/a,             n/a,             n/a,    1.176976091,    89287784,          1, 0.002434478,     2174480,    0.056761576,     8477600,              n/a,              n/a,             n/a,             n/a,               ,            ,           ,            ,            ,               ,            ,                 ,                 ,                ,                ,   1.261955692,    89287784,          1, 0.002512143,     2174480,   0.060214575,     8477600,              n/a,              n/a,             n/a,             n/a,              ,            ,           ,            ,            ,              ,            ,                 ,                 ,                ,                ,   1.218729749,    89287784,          1, 0.002370908,     2174480,   0.058386284,     8477600,              n/a,              n/a,             n/a,             n/a,              ,            ,            ,            ,             ,              ,            ,                  ,                  ,                 ,                 ,   1.215764015,      89287784,             1,  0.002382429,        2174480,   0.058120295,       8477600,                 n/a,                 n/a,                n/a,                n/a,                ,                  ,                  ,                 ,                   ,                 ,                  ,                        ,                        ,                       ,                       
 manifold_lex_d2_n8_o1_g0_#11,   2,         8,     18,          1,     0,    11, 1,    0.09321335,    14155024,          1, 0.002945827,      580840,   0.068161343,     8732696,              n/a,              n/a,             n/a,             n/a,    1.330890015,   100356984,         58, 0.010322776,    12664976,    0.058089578,     8727152,              n/a,              n/a,             n/a,             n/a,               ,            ,           ,            ,            ,               ,            ,                 ,                 ,                ,                ,   1.634622325,   100356952,          4, 0.009948053,    12664944,   0.057759078,     8727152,              n/a,              n/a,             n/a,             n/a,              ,            ,           ,            ,            ,              ,            ,                 ,                 ,                ,                ,   1.199335865,   100027736,          1, 0.008671698,    12664880,   0.056943377,     8727152,              n/a,              n/a,             n/a,             n/a,              ,            ,            ,            ,             ,              ,            ,                  ,                  ,                 ,                 ,   1.218139923,     100027736,             1,  0.009220668,       12664880,   0.058107915,       8727152,                 n/a,                 n/a,                n/a,                n/a,                ,                  ,                  ,                 ,                   ,                 ,                  ,                        ,                        ,                       ,                       
 manifold_lex_d2_n8_o1_g0_#11,   2,         8,     12,          1,     0,    11, 2,   4.788823546,  2626529776,          1, 0.004981496,     1221648,    4.76552694,  2620466640,                6,                3,            9423,              16,    1.291747006,   105525800,       >100, 0.015242657,    20327408,    0.047852947,     6562480,              n/a,              n/a,             n/a,             n/a,   15.030038289,  4296023862,          4, 0.831117843,   310018984,   13.015201739,  3907274814,                6,                3,            8424,              16,  22.388333203,  4643202688,          4, 0.013574905,    20327344,  21.316281017,  4544239640,                6,                3,            9326,              16,  23.747944517,  4934503368,          1, 0.792800908,   311583056,  21.747592705,  4544190248,                6,                3,            9326,              16,  23.855118588,  4125824198,          1, 0.012683324,    20327280,  22.783832709,  4026861214,                6,                3,            9423,              16,  24.837008683,  4417691550,           1, 0.817383463,    312349872,  22.866555669,  4026611614,                 6,                 3,             9423,               16,   6.050486547,    2783783800,             1,  0.013072464,       20327280,   4.989161003,    2684820816,                   6,                   3,               9423,                 16,     7.457234756,        3354100456,                 1,      1.290701563,          590766424,      4.967290389,        2684603968,                       6,                       3,                   9423,                     16
 manifold_lex_d2_n8_o1_g0_#12,   2,         8,      8,          1,     0,    12, 0,   0.070366363,    13524048,          1, 0.000536166,      199416,   0.052219458,     8483144,              n/a,              n/a,             n/a,             n/a,    1.132036326,    89287784,          1, 0.001700471,     2174480,    0.053561395,     8477600,              n/a,              n/a,             n/a,             n/a,               ,            ,           ,            ,            ,               ,            ,                 ,                 ,                ,                ,   1.202389234,    89287784,          1, 0.002403971,     2174480,   0.057389967,     8477600,              n/a,              n/a,             n/a,             n/a,              ,            ,           ,            ,            ,              ,            ,                 ,                 ,                ,                ,   1.211422971,    89287784,          1,  0.00227061,     2174480,    0.05769059,     8477600,              n/a,              n/a,             n/a,             n/a,              ,            ,            ,            ,             ,              ,            ,                  ,                  ,                 ,                 ,   1.190498845,      89287784,             1,  0.002563429,        2174480,   0.060486446,       8477600,                 n/a,                 n/a,                n/a,                n/a,                ,                  ,                  ,                 ,                   ,                 ,                  ,                        ,                        ,                       ,                       
 manifold_lex_d2_n8_o1_g0_#12,   2,         8,     18,          1,     0,    12, 1,   0.083157258,    14165840,          1, 0.002796997,      591656,   0.061226384,     8732696,              n/a,              n/a,             n/a,             n/a,    1.346592336,   100356952,         11, 0.009829812,    12664944,    0.058515128,     8727152,              n/a,              n/a,             n/a,             n/a,               ,            ,           ,            ,            ,               ,            ,                 ,                 ,                ,                ,    1.29416151,   100356984,         10, 0.009104441,    12664976,   0.056002577,     8727152,              n/a,              n/a,             n/a,             n/a,              ,            ,           ,            ,            ,              ,            ,                 ,                 ,                ,                ,   1.224277701,   100027736,          1, 0.009976808,    12664880,    0.05976694,     8727152,              n/a,              n/a,             n/a,             n/a,              ,            ,            ,            ,             ,              ,            ,                  ,                  ,                 ,                 ,   1.239290335,     100027736,             1,  0.009644444,       12664880,   0.056863001,       8727152,                 n/a,                 n/a,                n/a,                n/a,                ,                  ,                  ,                 ,                   ,                 ,                  ,                        ,                        ,                       ,                       
 manifold_lex_d2_n8_o1_g0_#12,   2,         8,     12,          1,     0,    12, 2,  19.423593812,  9025275792,          1, 0.005886304,     1243352,  19.396229824,  9019190952,                6,                3,           16366,              18,   165.85806465, 20954244014,       >100, 0.015327095,    20327408,  164.696587317, 20855280694,                6,                3,           12760,              18,  173.917511046, 21243828814,          4, 0.851979032,   310196600,  171.856691591, 20854902150,                6,                3,           12760,              18,  128.87161472, 16743635440,         12, 0.013865782,    20327376, 127.790840544, 16644672360,                6,                3,           16164,              18,  128.47203823, 17034826824,          1,  0.84452126,   311802944, 126.483941342, 16644293816,                6,                3,           16164,              18, 121.327164237, 14011359862,          2,  0.01281446,    20327312, 120.259558439, 13912396846,                6,                3,           16366,              18, 124.675650586, 14303363646,           1, 0.843496201,    312615280, 122.680197332, 13912018302,                 6,                 3,            16366,               18,  30.706136259,   10161350880,             1,  0.013676096,       20327280,  29.624700405,   10062387896,                   6,                   3,              16366,                 18,    32.057302613,       10733078912,                 1,      1.361531493,          592177800,     29.554400481,       10062171048,                       6,                       3,                  16366,                     18
 manifold_lex_d2_n8_o1_g0_#13,   2,         8,      8,          1,     0,    13, 0,    0.06863919,    13524048,          1, 0.000516509,      199416,      0.050784,     8483144,              n/a,              n/a,             n/a,             n/a,    1.140142118,    89287784,          1, 0.001582469,     2174480,     0.05327932,     8477600,              n/a,              n/a,             n/a,             n/a,               ,            ,           ,            ,            ,               ,            ,                 ,                 ,                ,                ,   1.257223973,    89287784,          1, 0.002127101,     2174480,   0.058482372,     8477600,              n/a,              n/a,             n/a,             n/a,              ,            ,           ,            ,            ,              ,            ,                 ,                 ,                ,                ,   1.137177347,    89287784,          1, 0.001723543,     2174480,   0.053383507,     8477600,              n/a,              n/a,             n/a,             n/a,              ,            ,            ,            ,             ,              ,            ,                  ,                  ,                 ,                 ,   1.211367931,      89287784,             1,  0.002757313,        2174480,   0.060044824,       8477600,                 n/a,                 n/a,                n/a,                n/a,                ,                  ,                  ,                 ,                   ,                 ,                  ,                        ,                        ,                       ,                       
 manifold_lex_d2_n8_o1_g0_#13,   2,         8,     18,          1,     0,    13, 1,   0.085653478,    14163360,          1, 0.002924868,      589176,   0.062903666,     8732696,              n/a,              n/a,             n/a,             n/a,    1.309886431,   100356920,          2, 0.009680892,    12664912,    0.057291317,     8727152,              n/a,              n/a,             n/a,             n/a,               ,            ,           ,            ,            ,               ,            ,                 ,                 ,                ,                ,   1.262557727,   100027768,          2, 0.010406284,    12664912,   0.064941309,     8727152,              n/a,              n/a,             n/a,             n/a,              ,            ,           ,            ,            ,              ,            ,                 ,                 ,                ,                ,   1.212332099,   100027768,          2, 0.009458225,    12664912,   0.056926914,     8727152,              n/a,              n/a,             n/a,             n/a,              ,            ,            ,            ,             ,              ,            ,                  ,                  ,                 ,                 ,   1.219206365,     100027736,             1,  0.009811498,       12664880,   0.058929841,       8727152,                 n/a,                 n/a,                n/a,                n/a,                ,                  ,                  ,                 ,                   ,                 ,                  ,                        ,                        ,                       ,                       
 manifold_lex_d2_n8_o1_g0_#13,   2,         8,     12,          1,     0,    13, 2,  81.404840956, 35862631480,          1, 0.005237436,     1204576,  81.380753885, 35856585416,                6,                3,           41665,              17,  103.192289621, 15690740258,          2, 0.013212609,    20327312,  102.093765052, 15591777242,                6,                3,           36058,              17,  105.011643404, 15980398306,          3, 0.854767235,   310140600,  103.010579726, 15591527642,                6,                3,           36058,              17, 281.521712047, 33464466064,          2, 0.012876587,    20327312, 280.420169085, 33365503048,                6,                3,           41438,              17, 275.868775537, 33755846224,          2, 0.880431924,   311862712, 273.834555498, 33365253448,                6,                3,           41438,              17, 317.687876898, 36747158716,          2, 0.013425033,    20327312, 316.587241256, 36648195700,                6,                3,           41651,              17,   326.5888551, 37039393812,           1,  0.84463975,    312717648, 324.600993209, 36647946100,                 6,                 3,            41651,               17,  87.629917211,   35348586360,             1,  0.013168916,       20327280,  86.534058209,   35249623376,                   6,                   3,              41665,                 17,    86.536233511,       35918453352,                 1,      1.286432298,          590516968,     84.117389703,       35249206320,                       6,                       3,                  41665,                     17
 manifold_lex_d2_n8_o1_g0_#14,   2,         8,      8,          1,     0,    14, 0,   0.071802418,    13524048,          1, 0.000572264,      199416,   0.053321218,     8483144,              n/a,              n/a,             n/a,             n/a,    1.154700993,    89287784,          1, 0.001665955,     2174480,    0.054328558,     8477600,              n/a,              n/a,             n/a,             n/a,               ,            ,           ,            ,            ,               ,            ,                 ,                 ,                ,                ,   1.234958678,    89287784,          1, 0.002227509,     2174480,   0.056829881,     8477600,              n/a,              n/a,             n/a,             n/a,              ,            ,           ,            ,            ,              ,            ,                 ,                 ,                ,                ,   1.142351299,    89287784,          1, 0.001676065,     2174480,   0.054183597,     8477600,              n/a,              n/a,             n/a,             n/a,              ,            ,            ,            ,             ,              ,            ,                  ,                  ,                 ,                 ,    1.20721982,      89287784,             1,  0.002481595,        2174480,   0.061201231,       8477600,                 n/a,                 n/a,                n/a,                n/a,                ,                  ,                  ,                 ,                   ,                 ,                  ,                        ,                        ,                       ,                       
 manifold_lex_d2_n8_o1_g0_#14,   2,         8,     18,          1,     0,    14, 1,   0.081971386,    14167088,          1, 0.002972316,      592904,   0.059956325,     8732696,              n/a,              n/a,             n/a,             n/a,    1.224084991,   100027800,         11, 0.009489221,    12664944,    0.056765029,     8727152,              n/a,              n/a,             n/a,             n/a,               ,            ,           ,            ,            ,               ,            ,                 ,                 ,                ,                ,   1.311898087,   100356952,          4, 0.011236438,    12664944,   0.058786964,     8727152,              n/a,              n/a,             n/a,             n/a,              ,            ,           ,            ,            ,              ,            ,                 ,                 ,                ,                ,   1.191637125,   100027736,          1, 0.010238711,    12664880,   0.056763918,     8727152,              n/a,              n/a,             n/a,             n/a,              ,            ,            ,            ,             ,              ,            ,                  ,                  ,                 ,                 ,   1.229995928,     100027736,             1,  0.009851625,       12664880,   0.058580597,       8727152,                 n/a,                 n/a,                n/a,                n/a,                ,                  ,                  ,                 ,                   ,                 ,                  ,                        ,                        ,                       ,                       
 manifold_lex_d2_n8_o1_g0_#14,   2,         8,     12,          1,     0,    14, 2,   26.66516629, 12422938244,          1, 0.005815001,     1249472,  26.640060134, 12416847284,                6,                3,           19800,              15,   36.446946822,  6589446178,         20, 0.013527482,    20327344,   35.340573786,  6490483130,                6,                3,           17056,              15,   37.991783347,  6879415866,          1, 0.838397625,   310252064,   36.005901664,  6490433738,                6,                3,           17056,              15,  85.710314104, 12323273056,         13, 0.013540932,    20327376,  84.599751395, 12224309976,                6,                3,           19620,              15,  86.185464303, 12614784032,          2, 0.867641504,   311993592,  84.169625995, 12224060376,                6,                3,           19620,              15, 102.779624401, 13909460974,          2, 0.013298618,    20327312,  101.67608668, 13810497958,                6,                3,           19800,              15, 103.680673856, 14202026630,           1, 0.796454308,    312518848, 101.689327396, 13810448566,                 6,                 3,            19800,               15,  27.538665347,   12468449048,             1,  0.012760999,       20327280,  26.478245167,   12369486064,                   6,                   3,              19800,                 15,    29.315158148,       13040276912,                 1,      1.255026027,          592477840,     26.925545432,       12369069008,                       6,                       3,                  19800,                     15
 manifold_lex_d2_n8_o1_g1_#01,   2,         8,      8,          1,     1,     1, 0,   0.068551244,    13524048,          1,  0.00049597,      199416,   0.050677482,     8483144,              n/a,              n/a,             n/a,             n/a,    1.156032959,    89287784,          1, 0.001677807,     2174480,    0.054148926,     8477600,              n/a,              n/a,             n/a,             n/a,               ,            ,           ,            ,            ,               ,            ,                 ,                 ,                ,                ,   1.244814477,    89287784,          1, 0.002487276,     2174480,    0.06257833,     8477600,              n/a,              n/a,             n/a,             n/a,              ,            ,           ,            ,            ,              ,            ,                 ,                 ,                ,                ,   1.142185111,    89287784,          1,  0.00176472,     2174480,    0.05361835,     8477600,              n/a,              n/a,             n/a,             n/a,              ,            ,            ,            ,             ,              ,            ,                  ,                  ,                 ,                 ,   1.189246669,      89287784,             1,  0.002326985,        2174480,     0.0574407,       8477600,                 n/a,                 n/a,                n/a,                n/a,                ,                  ,                  ,                 ,                   ,                 ,                  ,                        ,                        ,                       ,                       
 manifold_lex_d2_n8_o1_g1_#01,   2,         8,     24,          1,     1,     1, 1,   0.099415049,    36523152,          1, 0.001909141,      859640,   0.078298044,    30822024,                2,                2,              24,               5,    1.255816855,   125172768,         11,  0.01117174,    16279344,    0.085156146,    30257720,                2,                2,              24,               5,               ,            ,           ,            ,            ,               ,            ,                 ,                 ,                ,                ,   1.353346567,   125501856,          1, 0.011792395,    16279280,   0.085300638,    30257720,                2,                2,              24,               5,              ,            ,           ,            ,            ,              ,            ,                 ,                 ,                ,                ,   1.252615138,   125172704,          1, 0.012020693,    16279280,   0.089236022,    30257720,                2,                2,              24,               5,              ,            ,            ,            ,             ,              ,            ,                  ,                  ,                 ,                 ,   1.257443233,     125172704,             1,  0.011165646,       16279280,   0.083405076,      30257720,                   2,                   2,                 24,                  5,                ,                  ,                  ,                 ,                   ,                 ,                  ,                        ,                        ,                       ,                       
 manifold_lex_d2_n8_o1_g1_#01,   2,         8,     16,          1,     1,     1, 2,   3.587906772,  1873290208,          1, 0.009129807,     1658152,   3.559959894,  1866790568,                6,                3,            5179,              20,  578.146179681, 10820883912,         26, 0.018226482,    25962608,  576.969215906, 10716285600,                6,                3,            4818,              20,  571.113922475, 11204537400,          2, 1.074637221,   409571128,  568.873485403, 10716236208,                6,                3,            4818,              20,  47.761725131,  8728879864,          1, 0.016817139,    25962480,   46.68328481,  8624281680,                6,                3,            5169,              20,  48.657051418,  9114045320,          1, 1.061314788,   411283176,  46.443687407,  8624032080,                6,                3,            5169,              20,  32.068798378,  6151909182,          1, 0.015583014,    25962480,  30.998432106,  6047310998,                6,                3,            5179,              20,  33.594006301,  6537926926,           1, 1.252884754,    412135464,  31.203954635,  6047061398,                 6,                 3,             5179,               20,    7.66968335,    2400614008,             1,  0.016572731,       25962480,   6.600831509,    2296015824,                   6,                   3,               5179,                 20,     9.545646577,        3154882440,                 1,      1.555329506,          780353400,      6.832492712,        2295798976,                       6,                       3,                   5179,                     20
 manifold_lex_d2_n8_o1_g1_#02,   2,         8,      8,          1,     1,     2, 0,    0.07124179,    13524048,          1, 0.000498675,      199416,   0.052853663,     8483144,              n/a,              n/a,             n/a,             n/a,    1.192479313,    89287784,          1, 0.002135706,     2174480,    0.054898099,     8477600,              n/a,              n/a,             n/a,             n/a,               ,            ,           ,            ,            ,               ,            ,                 ,                 ,                ,                ,   1.238206406,    89287784,          1, 0.002535878,     2174480,   0.060849273,     8477600,              n/a,              n/a,             n/a,             n/a,              ,            ,           ,            ,            ,              ,            ,                 ,                 ,                ,                ,   1.201697808,    89287784,          1, 0.002205769,     2174480,   0.057486434,     8477600,              n/a,              n/a,             n/a,             n/a,              ,            ,            ,            ,             ,              ,            ,                  ,                  ,                 ,                 ,   1.220373492,      89287784,             1,  0.002303702,        2174480,   0.057350008,       8477600,                 n/a,                 n/a,                n/a,                n/a,                ,                  ,                  ,                 ,                   ,                 ,                  ,                        ,                        ,                       ,                       
 manifold_lex_d2_n8_o1_g1_#02,   2,         8,     24,          1,     1,     2, 1,   0.086341445,    14745464,          1, 0.002391005,     1018944,   0.064595732,     8885032,              n/a,              n/a,             n/a,             n/a,    1.272271042,   103794504,          2, 0.012039766,    16279312,    0.062205508,     8879488,              n/a,              n/a,             n/a,             n/a,               ,            ,           ,            ,            ,               ,            ,                 ,                 ,                ,                ,   1.375345459,   104188120,          1, 0.099229725,    16672928,   0.062134474,     8879488,              n/a,              n/a,             n/a,             n/a,              ,            ,           ,            ,            ,              ,            ,                 ,                 ,                ,                ,   1.188216616,   103794472,          1, 0.012901844,    16279280,   0.062934274,     8879488,              n/a,              n/a,             n/a,             n/a,              ,            ,            ,            ,             ,              ,            ,                  ,                  ,                 ,                 ,   1.234094904,     103794472,             1,  0.013451154,       16279280,   0.064286101,       8879488,                 n/a,                 n/a,                n/a,                n/a,                ,                  ,                  ,                 ,                   ,                 ,                  ,                        ,                        ,                       ,                       
 manifold_lex_d2_n8_o1_g1_#02,   2,         8,     16,          1,     1,     2, 2,  206.78022274, 71770952244,          1, 0.010480663,     1684344, 206.748475521, 71764426412,                6,                3,          115992,              22,            oot,         oot,        oot,         oot,         oot,            oot,         oot,              oot,              oot,             oot,             oot,            oot,         oot,        oot,         oot,         oot,            oot,         oot,              oot,              oot,             oot,             oot,           oot,         oot,        oot,         oot,         oot,           oot,         oot,              oot,              oot,             oot,             oot,           oot,         oot,        oot,         oot,         oot,           oot,         oot,              oot,              oot,             oot,             oot,           oot,         oot,        oot,         oot,         oot,           oot,         oot,              oot,              oot,             oot,             oot,           oot,         oot,         oot,         oot,          oot,           oot,         oot,               oot,               oot,              oot,              oot,           oot,           oot,           oot,          oot,            oot,           oot,           oot,                 oot,                 oot,                oot,                oot,             oot,               oot,               oot,              oot,                oot,              oot,               oot,                     oot,                     oot,                    oot,                    oot
 manifold_lex_d2_n8_o1_g1_#03,   2,         8,      8,          1,     1,     3, 0,   0.071452945,    13524048,          1, 0.000532749,      199416,   0.053018302,     8483144,              n/a,              n/a,             n/a,             n/a,    1.142295392,    89287784,          1, 0.001744934,     2174480,    0.054262095,     8477600,              n/a,              n/a,             n/a,             n/a,               ,            ,           ,            ,            ,               ,            ,                 ,                 ,                ,                ,   1.266469782,    89287784,          1, 0.002315894,     2174480,   0.058194964,     8477600,              n/a,              n/a,             n/a,             n/a,              ,            ,           ,            ,            ,              ,            ,                 ,                 ,                ,                ,   1.130912577,    89287784,          1, 0.001739713,     2174480,   0.053494274,     8477600,              n/a,              n/a,             n/a,             n/a,              ,            ,            ,            ,             ,              ,            ,                  ,                  ,                 ,                 ,   1.191789532,      89287784,             1,  0.002335812,        2174480,   0.056904402,       8477600,                 n/a,                 n/a,                n/a,                n/a,                ,                  ,                  ,                 ,                   ,                 ,                  ,                        ,                        ,                       ,                       
 manifold_lex_d2_n8_o1_g1_#03,   2,         8,     24,          1,     1,     3, 1,   0.083724025,    14654152,          1, 0.002113125,      927632,   0.062935717,     8885032,              n/a,              n/a,             n/a,             n/a,    1.276420178,   103794536,          7, 0.013524893,    16279344,    0.060870252,     8879488,              n/a,              n/a,             n/a,             n/a,               ,            ,           ,            ,            ,               ,            ,                 ,                 ,                ,                ,   1.336317114,   104188120,          1, 0.106053805,    16672928,   0.058377806,     8879488,              n/a,              n/a,             n/a,             n/a,              ,            ,           ,            ,            ,              ,            ,                 ,                 ,                ,                ,   1.225584921,   103794472,          1, 0.011195683,    16279280,   0.060023743,     8879488,              n/a,              n/a,             n/a,             n/a,              ,            ,            ,            ,             ,              ,            ,                  ,                  ,                 ,                 ,   1.235784105,     103794472,             1,  0.013285814,       16279280,   0.061282184,       8879488,                 n/a,                 n/a,                n/a,                n/a,                ,                  ,                  ,                 ,                   ,                 ,                  ,                        ,                        ,                       ,                       
 manifold_lex_d2_n8_o1_g1_#03,   2,         8,     16,          1,     1,     3, 2,  27.002890039, 16183001068,          1, 0.010093805,     1669768,  26.969663767, 16176489812,                6,                3,           20293,              18,            oot,         oot,        oot,         oot,         oot,            oot,         oot,              oot,              oot,             oot,             oot,            oot,         oot,        oot,         oot,         oot,            oot,         oot,              oot,              oot,             oot,             oot,           oot,         oot,        oot,         oot,         oot,           oot,         oot,              oot,              oot,             oot,             oot,           oot,         oot,        oot,         oot,         oot,           oot,         oot,              oot,              oot,             oot,             oot,           oot,         oot,        oot,         oot,         oot,           oot,         oot,              oot,              oot,             oot,             oot,           oot,         oot,         oot,         oot,          oot,           oot,         oot,               oot,               oot,              oot,              oot,  367.39565742,   21846085400,             1,  0.016270544,       25962480, 366.319022993,   21741487216,                   6,                   3,              20293,                 18,   378.557735313,       22601934808,                 1,      1.530580754,          781805432,    375.544340301,       21741070160,                       6,                       3,                  20293,                     18
 manifold_lex_d2_n8_o1_g1_#04,   2,         8,      8,          1,     1,     4, 0,   0.068810649,    13524048,          1,    0.000501,      199416,    0.05095024,     8483144,              n/a,              n/a,             n/a,             n/a,    1.122125226,    89287784,          1, 0.001523899,     2174480,      0.0524856,     8477600,              n/a,              n/a,             n/a,             n/a,               ,            ,           ,            ,            ,               ,            ,                 ,                 ,                ,                ,    1.22019554,    89287784,          1,   0.0025798,     2174480,     0.0603213,     8477600,              n/a,              n/a,             n/a,             n/a,              ,            ,           ,            ,            ,              ,            ,                 ,                 ,                ,                ,   1.144654064,    89287784,          1, 0.001793895,     2174480,   0.054123083,     8477600,              n/a,              n/a,             n/a,             n/a,              ,            ,            ,            ,             ,              ,            ,                  ,                  ,                 ,                 ,   1.196830394,      89287784,             1,  0.002263998,        2174480,   0.059761491,       8477600,                 n/a,                 n/a,                n/a,                n/a,                ,                  ,                  ,                 ,                   ,                 ,                  ,                        ,                        ,                       ,                       
 manifold_lex_d2_n8_o1_g1_#04,   2,         8,     24,          1,     1,     4, 1,   0.083869924,    14871488,          1, 0.002799542,     1144968,   0.062391156,     8885032,              n/a,              n/a,             n/a,             n/a,     1.65512287,   104123720,         12, 0.011313476,    16279376,    0.059154663,     8879488,              n/a,              n/a,             n/a,             n/a,               ,            ,           ,            ,            ,               ,            ,                 ,                 ,                ,                ,   1.330183323,   105002848,          2, 0.012224023,    16279312,   0.161211347,    10087832,              n/a,              n/a,             n/a,             n/a,              ,            ,           ,            ,            ,              ,            ,                 ,                 ,                ,                ,   1.243923028,   103794472,          1, 0.011907621,    16279280,   0.060539071,     8879488,              n/a,              n/a,             n/a,             n/a,              ,            ,            ,            ,             ,              ,            ,                  ,                  ,                 ,                 ,    1.22683589,     103794472,             1,  0.011592319,       16279280,   0.060427481,       8879488,                 n/a,                 n/a,                n/a,                n/a,                ,                  ,                  ,                 ,                   ,                 ,                  ,                        ,                        ,                       ,                       
 manifold_lex_d2_n8_o1_g1_#04,   2,         8,     16,          1,     1,     4, 2,           oom,         oom,        oom,         oom,         oom,           oom,         oom,              oom,              oom,             oom,             oom,            oot,         oot,        oot,         oot,         oot,            oot,         oot,              oot,              oot,             oot,             oot,            oot,         oot,        oot,         oot,         oot,            oot,         oot,              oot,              oot,             oot,             oot,           oot,         oot,        oot,         oot,         oot,           oot,         oot,              oot,              oot,             oot,             oot,           oot,         oot,        oot,         oot,         oot,           oot,         oot,              oot,              oot,             oot,             oot,           oom,         oom,        oom,         oom,         oom,           oom,         oom,              oom,              oom,             oom,             oom,           oom,         oom,         oom,         oom,          oom,           oom,         oom,               oom,               oom,              oom,              oom,           oom,           oom,           oom,          oom,            oom,           oom,           oom,                 oom,                 oom,                oom,                oom,             oom,               oom,               oom,              oom,                oom,              oom,               oom,                     oom,                     oom,                    oom,                    oom
 manifold_lex_d2_n8_o1_g1_#05,   2,         8,      8,          1,     1,     5, 0,   0.070768474,    13524048,          1, 0.000563216,      199416,   0.052526682,     8483144,              n/a,              n/a,             n/a,             n/a,    1.141314535,    89287784,          1, 0.001754352,     2174480,    0.053998364,     8477600,              n/a,              n/a,             n/a,             n/a,               ,            ,           ,            ,            ,               ,            ,                 ,                 ,                ,                ,   1.221929843,    89287784,          1, 0.002227439,     2174480,   0.057093631,     8477600,              n/a,              n/a,             n/a,             n/a,              ,            ,           ,            ,            ,              ,            ,                 ,                 ,                ,                ,    1.11588101,    89287784,          1, 0.001560025,     2174480,   0.052882864,     8477600,              n/a,              n/a,             n/a,             n/a,              ,            ,            ,            ,             ,              ,            ,                  ,                  ,                 ,                 ,   1.136993985,      89287784,             1,  0.002090882,        2174480,   0.053406644,       8477600,                 n/a,                 n/a,                n/a,                n/a,                ,                  ,                  ,                 ,                   ,                 ,                  ,                        ,                        ,                       ,                       
 manifold_lex_d2_n8_o1_g1_#05,   2,         8,     24,          1,     1,     5, 1,   0.092992907,    14907096,          1, 0.003386099,     1180576,   0.068613206,     8885032,              n/a,              n/a,             n/a,             n/a,    1.222754891,   103794568,          7, 0.011794543,    16279376,    0.061008206,     8879488,              n/a,              n/a,             n/a,             n/a,               ,            ,           ,            ,            ,               ,            ,                 ,                 ,                ,                ,   1.316160242,   104123624,          1, 0.012226193,    16279280,   0.060037868,     8879488,              n/a,              n/a,             n/a,             n/a,              ,            ,           ,            ,            ,              ,            ,                 ,                 ,                ,                ,    1.19460924,   103794472,          1, 0.011932233,    16279280,   0.059001093,     8879488,              n/a,              n/a,             n/a,             n/a,              ,            ,            ,            ,             ,              ,            ,                  ,                  ,                 ,                 ,   1.244637181,     103794472,             1,  0.012300513,       16279280,   0.061607051,       8879488,                 n/a,                 n/a,                n/a,                n/a,                ,                  ,                  ,                 ,                   ,                 ,                  ,                        ,                        ,                       ,                       
 manifold_lex_d2_n8_o1_g1_#05,   2,         8,     16,          1,     1,     5, 2,           oom,         oom,        oom,         oom,         oom,           oom,         oom,              oom,              oom,             oom,             oom,            oot,         oot,        oot,         oot,         oot,            oot,         oot,              oot,              oot,             oot,             oot,            oot,         oot,        oot,         oot,         oot,            oot,         oot,              oot,              oot,             oot,             oot,           oot,         oot,        oot,         oot,         oot,           oot,         oot,              oot,              oot,             oot,             oot,           oot,         oot,        oot,         oot,         oot,           oot,         oot,              oot,              oot,             oot,             oot,           oot,         oot,        oot,         oot,         oot,           oot,         oot,              oot,              oot,             oot,             oot,           oot,         oot,         oot,         oot,          oot,           oot,         oot,               oot,               oot,              oot,              oot,           oot,           oot,           oot,          oot,            oot,           oot,           oot,                 oot,                 oot,                oot,                oot,             oot,               oot,               oot,              oot,                oot,              oot,               oot,                     oot,                     oot,                    oot,                    oot
 manifold_lex_d2_n8_o1_g1_#06,   2,         8,      8,          1,     1,     6, 0,   0.070306608,    13524048,          1, 0.000527289,      199416,   0.052030531,     8483144,              n/a,              n/a,             n/a,             n/a,    1.133838906,    89287784,          1, 0.001575566,     2174480,    0.052387221,     8477600,              n/a,              n/a,             n/a,             n/a,               ,            ,           ,            ,            ,               ,            ,                 ,                 ,                ,                ,   1.254102218,    89287784,          1, 0.002466358,     2174480,   0.059445953,     8477600,              n/a,              n/a,             n/a,             n/a,              ,            ,           ,            ,            ,              ,            ,                 ,                 ,                ,                ,   1.149366141,    89287784,          1, 0.001807451,     2174480,   0.054581709,     8477600,              n/a,              n/a,             n/a,             n/a,              ,            ,            ,            ,             ,              ,            ,                  ,                  ,                 ,                 ,   1.306178992,      89616936,             1,  0.002260792,        2174480,   0.058473199,       8477600,                 n/a,                 n/a,                n/a,                n/a,                ,                  ,                  ,                 ,                   ,                 ,                  ,                        ,                        ,                       ,                       
 manifold_lex_d2_n8_o1_g1_#06,   2,         8,     24,          1,     1,     6, 1,   0.086508175,    14858400,          1, 0.002690088,     1131880,   0.064694571,     8885032,              n/a,              n/a,             n/a,             n/a,    1.355057311,   105002912,         12, 0.012726235,    16279376,    0.160817494,    10087832,              n/a,              n/a,             n/a,             n/a,               ,            ,           ,            ,            ,               ,            ,                 ,                 ,                ,                ,   1.255837409,   103794472,          1, 0.012578979,    16279280,   0.060441883,     8879488,              n/a,              n/a,             n/a,             n/a,              ,            ,           ,            ,            ,              ,            ,                 ,                 ,                ,                ,   1.221490832,   103794472,          1, 0.011546272,    16279280,   0.061251742,     8879488,              n/a,              n/a,             n/a,             n/a,              ,            ,            ,            ,             ,              ,            ,                  ,                  ,                 ,                 ,   1.314354119,     104123624,             1,  0.012007927,       16279280,   0.061902853,       8879488,                 n/a,                 n/a,                n/a,                n/a,                ,                  ,                  ,                 ,                   ,                 ,                  ,                        ,                        ,                       ,                       
 manifold_lex_d2_n8_o1_g1_#06,   2,         8,     16,          1,     1,     6, 2, 229.603899083, 88245807532,          1, 0.009713362,     1700424,  229.57497572, 88239265620,                6,                3,           59228,              19,  411.378523337, 44124065004,         13, 0.018489337,    25962544,  410.263030744, 44019466756,                6,                3,           47050,              19,  423.809335565, 44508274644,          1, 0.998804564,   410127216,  421.693604951, 44019417364,                6,                3,           47050,              19, 850.614410591, 88988940306,          1, 0.016474647,    25962480, 849.511535061, 88884342122,                6,                3,           58471,              19, 877.677335817, 89374966562,          1, 1.102906497,   412143976, 875.473088429, 88884092522,                6,                3,           58471,              19, 867.409633045, 95330780732,          2, 0.017432414,    25962512, 866.312092546, 95226182516,                6,                3,           59223,              19, 876.107971551, 95718002884,           1, 0.973743898,    413139696, 874.018959401, 95226133124,                 6,                 3,            59223,               19, 281.952544944,   89643747020,             1,  0.018005991,       25962480, 280.846743351,   89539148836,                   6,                   3,              59228,                 19,   277.931957834,       90401572676,                 1,      1.503776066,          783910624,    275.323637605,       89538931988,                       6,                       3,                  59228,                     19
 manifold_lex_d2_n8_o1_g1_#07,   2,         8,      8,          1,     1,     7, 0,   0.070617774,    13524048,          1, 0.000637596,      199416,   0.052208967,     8483144,              n/a,              n/a,             n/a,             n/a,    1.161857842,    89287784,          1, 0.001794135,     2174480,    0.055252618,     8477600,              n/a,              n/a,             n/a,             n/a,               ,            ,           ,            ,            ,               ,            ,                 ,                 ,                ,                ,    1.18203788,    89287784,          1, 0.002368614,     2174480,   0.059568064,     8477600,              n/a,              n/a,             n/a,             n/a,              ,            ,           ,            ,            ,              ,            ,                 ,                 ,                ,                ,   1.155229346,    89287784,          1, 0.001774419,     2174480,   0.055421234,     8477600,              n/a,              n/a,             n/a,             n/a,              ,            ,            ,            ,             ,              ,            ,                  ,                  ,                 ,                 ,   1.155979193,      89287784,             1,  0.002451028,        2174480,   0.056793308,       8477600,                 n/a,                 n/a,                n/a,                n/a,                ,                  ,                  ,                 ,                   ,                 ,                  ,                        ,                        ,                       ,                       
 manifold_lex_d2_n8_o1_g1_#07,   2,         8,     24,          1,     1,     7, 1,   0.085696833,    15054056,          1,  0.00361355,     1327536,   0.062839622,     8885032,              n/a,              n/a,             n/a,             n/a,    1.383974758,   104123656,          2, 0.012012837,    16279312,    0.059570869,     8879488,              n/a,              n/a,             n/a,             n/a,               ,            ,           ,            ,            ,               ,            ,                 ,                 ,                ,                ,   1.619395063,   104123656,          5,  0.01169485,    16279312,   0.060763456,     8879488,              n/a,              n/a,             n/a,             n/a,              ,            ,           ,            ,            ,              ,            ,                 ,                 ,                ,                ,   1.203289711,   103794504,          2, 0.011530051,    16279312,   0.059526586,     8879488,              n/a,              n/a,             n/a,             n/a,              ,            ,            ,            ,             ,              ,            ,                  ,                  ,                 ,                 ,   1.229159403,     103794472,             1,  0.012619425,       16279280,   0.061506489,       8879488,                 n/a,                 n/a,                n/a,                n/a,                ,                  ,                  ,                 ,                   ,                 ,                  ,                        ,                        ,                       ,                       
 manifold_lex_d2_n8_o1_g1_#07,   2,         8,     16,          1,     1,     7, 2,           oom,         oom,        oom,         oom,         oom,           oom,         oom,              oom,              oom,             oom,             oom,            oot,         oot,        oot,         oot,         oot,            oot,         oot,              oot,              oot,             oot,             oot,            oot,         oot,        oot,         oot,         oot,            oot,         oot,              oot,              oot,             oot,             oot,           oom,         oom,        oom,         oom,         oom,           oom,         oom,              oom,              oom,             oom,             oom,           oom,         oom,        oom,         oom,         oom,           oom,         oom,              oom,              oom,             oom,             oom,           oom,         oom,        oom,         oom,         oom,           oom,         oom,              oom,              oom,             oom,             oom,           oom,         oom,         oom,         oom,          oom,           oom,         oom,               oom,               oom,              oom,              oom,           oom,           oom,           oom,          oom,            oom,           oom,           oom,                 oom,                 oom,                oom,                oom,             oom,               oom,               oom,              oom,                oom,              oom,               oom,                     oom,                     oom,                    oom,                    oom
